-- phpMyAdmin SQL Dump
-- version 3.2.0.1
-- http://www.phpmyadmin.net
--
-- Host: localhost
-- Generation Time: Jun 28, 2010 at 11:52 AM
-- Server version: 5.1.36
-- PHP Version: 5.3.0

SET SQL_MODE="NO_AUTO_VALUE_ON_ZERO";

--
-- Database: `sisgud`
--

-- --------------------------------------------------------

--
-- Table structure for table `category`
--

CREATE TABLE IF NOT EXISTS `category` (
  `cat_code` varchar(3) NOT NULL,
  `cat_name` varchar(128) NOT NULL,
  `cat_desc` text NOT NULL,
  `op_code` int(11) NOT NULL,
  `entry_date` date NOT NULL,
  PRIMARY KEY (`cat_code`),
  KEY `op_code` (`op_code`)
) ENGINE=InnoDB DEFAULT CHARSET=latin1;

--
-- Dumping data for table `category`
--

INSERT INTO `category` (`cat_code`, `cat_name`, `cat_desc`, `op_code`, `entry_date`) VALUES
('01', 'Kaos Oblong Pendek', '', 1, '2010-05-26'),
('02', 'Kaos Oblong Panjang', '', 2, '2009-08-22'),
('03', 'Kaos Krah Pendek', '', 2, '2009-08-22'),
('04', 'Kaos Krah Panjang', '', 2, '2009-08-22'),
('05', 'Kemeja Tangan Pendek', '', 2, '2009-08-22'),
('06', 'Kemeja Tangan Panjang', '', 2, '2009-08-22'),
('07', 'Celana Jean''s', '', 2, '2009-08-22'),
('08', 'Celana Keper', '', 2, '2009-08-22'),
('09', 'Celana Pendek', '', 2, '2009-08-22'),
('10', 'Celana Training', '', 2, '2009-08-22'),
('11', 'Pakaian Wanita Blues', '', 2, '2009-08-22'),
('12', 'Pakaian Wanita Rok', '', 2, '2009-08-22'),
('13', 'Pakaian Wanita Celana', '', 2, '2009-08-22'),
('14', 'Pakaian Dalam Wanita', '', 2, '2009-08-28'),
('15', 'Pakaian Dalam Pria', '', 2, '2009-08-22'),
('16', 'Pakaian Anak Stelan', '', 2, '2009-08-22'),
('17', 'Pakaian Anak Pria', '', 2, '2009-08-22'),
('18', 'Pakaian Anak Wanita', '', 2, '2009-08-22'),
('19', 'Pakaian Anak Celana', '', 2, '2009-08-22'),
('20', 'Switer', '', 2, '2009-08-22'),
('21', 'Acessories', '', 2, '2009-08-22'),
('22', 'Mainan', '', 2, '2009-08-22'),
('23', 'Imitasi', '', 2, '2009-08-22'),
('24', 'Jilbab', '', 2, '2009-08-22'),
('25', 'Ass. Jilbab', '', 2, '2009-08-22'),
('26', 'Boneka', '', 2, '2009-08-22'),
('27', 'Kosmetik', '', 2, '2009-08-22'),
('28', 'Sarung Tangan', '', 2, '2009-08-22'),
('30', 'Jaket', '', 2, '2009-08-22'),
('31', 'Mantel', '', 2, '2009-08-22'),
('32', 'Seprei', '', 2, '2009-08-22'),
('33', 'Handuk', '', 2, '2009-08-22'),
('34', 'Tali Pinggang', '', 2, '2009-08-22'),
('35', 'Dompet', '', 2, '2009-08-22'),
('36', 'Topi', '', 2, '2009-08-22'),
('37', 'Kaca Mata', '', 2, '2009-08-22'),
('38', 'Parfum', '', 2, '2009-08-22'),
('39', 'Kertas Kado', '', 2, '2009-08-22'),
('40', 'Dasi', '', 2, '2009-08-22'),
('41', 'Tas', '', 2, '2009-08-22'),
('42', 'Sepatu', '', 2, '2009-08-22'),
('43', 'Semir / Bros Sepatu', '', 2, '2009-08-22'),
('44', 'Minyak Rambut', '', 2, '2009-08-22'),
('45', 'Sarung', '', 2, '2009-08-22'),
('46', 'Sajadah', '', 2, '2009-08-22'),
('47', 'Mukena', '', 2, '2009-08-22'),
('48', 'Sapu Tangan', '', 2, '2009-08-22'),
('49', 'Kalkulator', '', 2, '2009-08-22'),
('50', 'Mancis / Gunting Kuku', '', 2, '2009-08-22'),
('51', 'Kaus Kaki', '', 2, '2009-08-22'),
('52', 'Pakaian Anak Jaket', '', 2, '2009-08-22'),
('53', 'Jam Tangan Pria', '', 2, '2009-08-22'),
('54', 'Jam Tangan Wanita', '', 2, '2009-08-22'),
('55', 'Stelan Training', '', 2, '2009-08-22'),
('56', 'Radio', '', 2, '2009-08-22'),
('57', 'Jam Beker', '', 2, '2009-08-22'),
('58', 'Teropong', '', 2, '2009-08-22'),
('59', 'Keset Kaki', '', 2, '2009-08-22'),
('60', 'Hadiah', '', 2, '2009-08-22'),
('61', 'Obl Konsinyasi', '', 2, '2009-08-22'),
('62', 'Kasur / Kelambu Baby', '', 2, '2009-08-22'),
('63', 'Baju Baby', '', 2, '2009-08-22'),
('64', ' Celana Baby', '', 2, '2009-08-22'),
('65', 'Perlengkapan Baby', '', 2, '2009-08-22'),
('66', 'Sepatu Baby', '', 2, '2009-08-22'),
('67', 'CJ Konsinyasi', '', 2, '2009-08-22'),
('68', 'Box / Tempat Tidur Baby', '', 2, '2009-08-22'),
('69', 'Gaun / Dress / Terusan', '', 2, '2009-08-22'),
('70', 'Bolero / Blazer / Cardigan', '', 2, '2009-08-22'),
('71', 'Rompi / T.Top / Kensi', '', 2, '2009-08-22'),
('72', 'Blues Kaos / KK / Jaket Kaos', '', 2, '2009-08-22'),
('73', 'Blues Kemeja Pdk / Pjg', '', 2, '2009-08-22'),
('74', 'Blues Muslim', '', 2, '2009-08-22'),
('75', 'Blues Rajut', '', 2, '2009-08-22'),
('76', 'Blues Hamil', '', 2, '2009-08-22'),
('77', 'Bj Koko / Muslim Cowok', '', 2, '2009-08-22'),
('78', 'Sarung Tangan Dewasa', '', 2, '2009-08-22'),
('79', 'Baju Tidur', '', 2, '2009-08-22');

-- --------------------------------------------------------

--
-- Table structure for table `item`
--

CREATE TABLE IF NOT EXISTS `item` (
  `item_code` varchar(128) NOT NULL,
  `item_name` varchar(128) NOT NULL,
  `item_hm` int(11) NOT NULL,
  `item_hp` int(11) NOT NULL,
  `item_hj` int(11) NOT NULL,
  `item_qty_total` int(11) NOT NULL,
  `item_qty_stock` int(11) NOT NULL,
  `cat_code` varchar(3) NOT NULL,
  `sup_code` varchar(128) NOT NULL,
  `op_code` int(11) NOT NULL,
  PRIMARY KEY (`item_code`),
  KEY `cat_code` (`cat_code`),
  KEY `sup_code` (`sup_code`,`op_code`),
  KEY `op_code` (`op_code`)
) ENGINE=InnoDB DEFAULT CHARSET=latin1;

--
-- Dumping data for table `item`
--

INSERT INTO `item` (`item_code`, `item_name`, `item_hm`, `item_hp`, `item_hj`, `item_qty_total`, `item_qty_stock`, `cat_code`, `sup_code`, `op_code`) VALUES
('0912301001', 'Celana Batik', 2300000, 230000, 0, 10, 10, '09', '136', 7),
('0912301002', 'Baju Batik', 1200000, 120000, 0, 10, 10, '09', '136', 7),
('0912301003', 'Dress Wanita Batik', 2100000, 210000, 0, 10, 10, '09', '136', 7),
('0912301004', 'Jilbab Batik', 3200000, 160000, 0, 20, 20, '09', '136', 7),
('1122210001', 'Peci Item Motif', 125000, 5000, 0, 25, 25, '11', '340', 7),
('1122210002', 'Peci Item Polos', 250000, 10000, 0, 25, 25, '11', '340', 7);

-- --------------------------------------------------------

--
-- Table structure for table `item_distribution`
--

CREATE TABLE IF NOT EXISTS `item_distribution` (
  `dist_code` int(11) NOT NULL,
  `item_code` varchar(128) NOT NULL,
  `shop_code` varchar(128) NOT NULL,
  `sup_code` varchar(128) NOT NULL,
  `dist_out` date NOT NULL,
  `quantity` int(11) NOT NULL,
  `status` tinyint(1) NOT NULL DEFAULT '0',
  KEY `item_code` (`item_code`),
  KEY `shop_code` (`shop_code`)
) ENGINE=InnoDB DEFAULT CHARSET=latin1;

--
-- Dumping data for table `item_distribution`
--


-- --------------------------------------------------------

--
-- Table structure for table `item_mutasi`
--

CREATE TABLE IF NOT EXISTS `item_mutasi` (
  `kode_mutasi` varchar(128) NOT NULL,
  `item_code` varchar(128) NOT NULL,
  `sup_code` varchar(128) NOT NULL,
  `qty` int(11) NOT NULL,
  `date_entry` date NOT NULL,
  `status_print_mutasi` tinyint(4) NOT NULL,
  KEY `item_code` (`item_code`),
  KEY `sup_code``` (`sup_code`)
) ENGINE=InnoDB DEFAULT CHARSET=latin1;

--
-- Dumping data for table `item_mutasi`
--

INSERT INTO `item_mutasi` (`kode_mutasi`, `item_code`, `sup_code`, `qty`, `date_entry`, `status_print_mutasi`) VALUES
('1277044741', '0912301001', '136', 10, '2010-06-20', 0),
('1277044741', '0912301002', '136', 10, '2010-06-20', 0),
('1277044866', '0912301003', '136', 10, '2010-06-20', 0),
('1277044866', '0912301004', '136', 20, '2010-06-20', 0),
('1277052671', '1122210001', '340', 25, '2010-06-20', 0),
('1277052671', '1122210002', '340', 25, '2010-06-20', 0);

-- --------------------------------------------------------

--
-- Table structure for table `item_retur`
--

CREATE TABLE IF NOT EXISTS `item_retur` (
  `retur_code` int(11) NOT NULL,
  `retur_date` date DEFAULT NULL,
  `item_code` varchar(128) NOT NULL,
  `quantity` int(11) NOT NULL,
  `shop_code` varchar(128) NOT NULL,
  `op_code` int(11) NOT NULL,
  PRIMARY KEY (`retur_code`),
  KEY `item_code` (`item_code`),
  KEY `shop_code` (`shop_code`),
  KEY `op_code` (`op_code`)
) ENGINE=InnoDB DEFAULT CHARSET=latin1;

--
-- Dumping data for table `item_retur`
--


-- --------------------------------------------------------

--
-- Table structure for table `log_transaksi`
--

CREATE TABLE IF NOT EXISTS `log_transaksi` (
  `log_id` int(11) NOT NULL AUTO_INCREMENT,
  `trans_name` varchar(128) NOT NULL,
  `log_time` int(11) NOT NULL,
  `p_id` int(11) NOT NULL,
  `keterangan` text NOT NULL,
  PRIMARY KEY (`log_id`),
  KEY `p_id` (`p_id`)
) ENGINE=InnoDB  DEFAULT CHARSET=latin1 AUTO_INCREMENT=1555 ;

--
-- Dumping data for table `log_transaksi`
--

INSERT INTO `log_transaksi` (`log_id`, `trans_name`, `log_time`, `p_id`, `keterangan`) VALUES
(1, 'Memasukan data supplier', 838, 1, ''),
(2, 'Memasukan data supplier', 838, 1, ''),
(3, 'Memasukan data supplier', 1248364335, 1, ''),
(4, 'Memasukan data supplier', 1248364376, 1, ''),
(5, 'Menambah kelompok barang', 1248768539, 1, ''),
(6, 'Menambah kelompok barang', 1248768552, 1, ''),
(7, 'Menambah kelompok barang', 1248768655, 1, ''),
(8, 'Memasukan data supplier', 1250588554, 1, ''),
(9, 'Memasukan data supplier', 1250588567, 1, ''),
(10, 'Menambah kelompok barang', 1250912632, 2, ''),
(11, 'Menambah kelompok barang', 1250912646, 2, ''),
(12, 'Menambah kelompok barang', 1250912663, 2, ''),
(13, 'Menambah kelompok barang', 1250912675, 2, ''),
(14, 'Menambah kelompok barang', 1250912703, 2, ''),
(15, 'Menambah kelompok barang', 1250913653, 2, ''),
(16, 'Menambah kelompok barang', 1250913684, 2, ''),
(17, 'Menambah kelompok barang', 1250913699, 2, ''),
(18, 'Menambah kelompok barang', 1250913717, 2, ''),
(19, 'Menambah kelompok barang', 1250913730, 2, ''),
(20, 'Menambah kelompok barang', 1250913743, 2, ''),
(21, 'Menambah kelompok barang', 1250913751, 2, ''),
(22, 'Menambah kelompok barang', 1250913758, 2, ''),
(23, 'Menambah kelompok barang', 1250913770, 2, ''),
(24, 'Menambah kelompok barang', 1250913834, 2, ''),
(25, 'Menambah kelompok barang', 1250913891, 2, ''),
(26, 'Menambah kelompok barang', 1250913907, 2, ''),
(27, 'Menambah kelompok barang', 1250914149, 2, ''),
(28, 'Menambah kelompok barang', 1250914158, 2, ''),
(29, 'Menambah kelompok barang', 1250914281, 2, ''),
(30, 'Menambah kelompok barang', 1250914293, 2, ''),
(31, 'Menambah kelompok barang', 1250914309, 2, ''),
(32, 'Menambah kelompok barang', 1250914318, 2, ''),
(33, 'Menambah kelompok barang', 1250914336, 2, ''),
(34, 'Menambah kelompok barang', 1250914362, 2, ''),
(35, 'Menambah kelompok barang', 1250914380, 2, ''),
(36, 'Menambah kelompok barang', 1250914394, 2, ''),
(37, 'Menambah kelompok barang', 1250914411, 2, ''),
(38, 'Menambah kelompok barang', 1250914430, 2, ''),
(39, 'Menambah kelompok barang', 1250914460, 2, ''),
(40, 'Menambah kelompok barang', 1250914472, 2, ''),
(41, 'Menambah kelompok barang', 1250914876, 2, ''),
(42, 'Menambah kelompok barang', 1250914896, 2, ''),
(43, 'Menambah kelompok barang', 1250914912, 2, ''),
(44, 'Menambah kelompok barang', 1250914926, 2, ''),
(45, 'Menambah kelompok barang', 1250914939, 2, ''),
(46, 'Menambah kelompok barang', 1250914958, 2, ''),
(47, 'Menambah kelompok barang', 1250914970, 2, ''),
(48, 'Menambah kelompok barang', 1250914996, 2, ''),
(49, 'Menambah kelompok barang', 1250915004, 2, ''),
(50, 'Menambah kelompok barang', 1250915026, 2, ''),
(51, 'Menambah kelompok barang', 1250915042, 2, ''),
(52, 'Menambah kelompok barang', 1250915050, 2, ''),
(53, 'Menambah kelompok barang', 1250915057, 2, ''),
(54, 'Menambah kelompok barang', 1250915075, 2, ''),
(55, 'Menambah kelompok barang', 1250915094, 2, ''),
(56, 'Menambah kelompok barang', 1250915101, 2, ''),
(57, 'Menambah kelompok barang', 1250915120, 2, ''),
(58, 'Menambah kelompok barang', 1250915141, 2, ''),
(59, 'Menambah kelompok barang', 1250915163, 2, ''),
(60, 'Menambah kelompok barang', 1250915177, 2, ''),
(61, 'Menambah kelompok barang', 1250915193, 2, ''),
(62, 'Menambah kelompok barang', 1250915221, 2, ''),
(63, 'Menambah kelompok barang', 1250915238, 2, ''),
(64, 'Menambah kelompok barang', 1250915247, 2, ''),
(65, 'Menambah kelompok barang', 1250915257, 2, ''),
(66, 'Menambah kelompok barang', 1250915268, 2, ''),
(67, 'Menambah kelompok barang', 1250915286, 2, ''),
(68, 'Menambah kelompok barang', 1250915314, 2, ''),
(69, 'Menambah kelompok barang', 1250915341, 2, ''),
(70, 'Menambah kelompok barang', 1250915350, 2, ''),
(71, 'Menambah kelompok barang', 1250915379, 2, ''),
(72, 'Menambah kelompok barang', 1250915398, 2, ''),
(73, 'Menambah kelompok barang', 1250915424, 2, ''),
(74, 'Menambah kelompok barang', 1250915446, 2, ''),
(75, 'Menambah kelompok barang', 1250915471, 2, ''),
(76, 'Menambah kelompok barang', 1250915480, 2, ''),
(77, 'Menambah kelompok barang', 1250915526, 2, ''),
(78, 'Menambah kelompok barang', 1250915545, 2, ''),
(79, 'Menambah kelompok barang', 1250915603, 2, ''),
(80, 'Menambah kelompok barang', 1250915614, 2, ''),
(81, 'Menambah kelompok barang', 1250915642, 2, ''),
(82, 'Menambah kelompok barang', 1250915652, 2, ''),
(83, 'Menambah kelompok barang', 1250915669, 2, ''),
(84, 'Menambah kelompok barang', 1250915691, 2, ''),
(85, 'Menambah kelompok barang', 1250915724, 2, ''),
(86, 'Menambah kelompok barang', 1250915738, 2, ''),
(87, 'Menambah kelompok barang', 1250915757, 2, ''),
(88, 'Menambah kelompok barang', 1250915767, 2, ''),
(89, 'Menambah kelompok barang', 1250915809, 2, ''),
(90, 'Menambah kelompok barang', 1250915819, 2, ''),
(91, 'Menambah kelompok barang', 1250915838, 2, ''),
(92, 'Memasukan data supplier', 1250916132, 2, ''),
(93, 'Memasukan data supplier', 1250916168, 2, ''),
(94, 'Memasukan data supplier', 1250916182, 2, ''),
(95, 'Memasukan data supplier', 1250916222, 2, ''),
(96, 'Memasukan data supplier', 1250916245, 2, ''),
(97, 'Memasukan data supplier', 1250916273, 2, ''),
(98, 'Memasukan data supplier', 1250916295, 2, ''),
(99, 'Memasukan data supplier', 1250916312, 2, ''),
(100, 'Memasukan data supplier', 1250916328, 2, ''),
(101, 'Memasukan data supplier', 1250916346, 2, ''),
(102, 'Memasukan data supplier', 1250918073, 2, ''),
(103, 'Memasukan data supplier', 1250918113, 2, ''),
(104, 'Memasukan data supplier', 1250918142, 2, ''),
(105, 'Memasukan data supplier', 1250918151, 2, ''),
(106, 'Memasukan data supplier', 1250918164, 2, ''),
(107, 'Memasukan data supplier', 1250918187, 2, ''),
(108, 'Memasukan data supplier', 1250918201, 2, ''),
(109, 'Memasukan data supplier', 1250918222, 2, ''),
(110, 'Memasukan data supplier', 1250918238, 2, ''),
(111, 'Memasukan data supplier', 1250918256, 2, ''),
(112, 'Memasukan data supplier', 1250918290, 2, ''),
(113, 'Memasukan data supplier', 1250918304, 2, ''),
(114, 'Memasukan data supplier', 1250918319, 2, ''),
(115, 'Memasukan data supplier', 1250918339, 2, ''),
(116, 'Memasukan data supplier', 1250918367, 2, ''),
(117, 'Memasukan data supplier', 1250918386, 2, ''),
(118, 'Memasukan data supplier', 1250918423, 2, ''),
(119, 'Memasukan data supplier', 1250918446, 2, ''),
(120, 'Memasukan data supplier', 1250918463, 2, ''),
(121, 'Memasukan data supplier', 1250918474, 2, ''),
(122, 'Memasukan data supplier', 1250918488, 2, ''),
(123, 'Memasukan data supplier', 1250918519, 2, ''),
(124, 'Memasukan data supplier', 1250918529, 2, ''),
(125, 'Memasukan data supplier', 1250918543, 2, ''),
(126, 'Memasukan data supplier', 1250918558, 2, ''),
(127, 'Memasukan data supplier', 1250918588, 2, ''),
(128, 'Memasukan data supplier', 1250918604, 2, ''),
(129, 'Memasukan data supplier', 1250918630, 2, ''),
(130, 'Memasukan data supplier', 1250918672, 2, ''),
(131, 'Memasukan data supplier', 1250918685, 2, ''),
(132, 'Memasukan data supplier', 1250918700, 2, ''),
(133, 'Memasukan data supplier', 1250918717, 2, ''),
(134, 'Memasukan data supplier', 1250918731, 2, ''),
(135, 'Memasukan data supplier', 1250918747, 2, ''),
(136, 'Memasukan data supplier', 1250918761, 2, ''),
(137, 'Memasukan data supplier', 1250918792, 2, ''),
(138, 'Memasukan data supplier', 1250918811, 2, ''),
(139, 'Memasukan data supplier', 1250918823, 2, ''),
(140, 'Memasukan data supplier', 1250918858, 2, ''),
(141, 'Memasukan data supplier', 1250918964, 2, ''),
(142, 'Memasukan data supplier', 1250918994, 2, ''),
(143, 'Memasukan data supplier', 1250919005, 2, ''),
(144, 'Memasukan data supplier', 1250919018, 2, ''),
(145, 'Memasukan data supplier', 1250919037, 2, ''),
(146, 'Memasukan data supplier', 1250919047, 2, ''),
(147, 'Memasukan data supplier', 1250919060, 2, ''),
(148, 'Memasukan data supplier', 1250919076, 2, ''),
(149, 'Memasukan data supplier', 1250919090, 2, ''),
(150, 'Memasukan data supplier', 1250919110, 2, ''),
(151, 'Memasukan data supplier', 1250919125, 2, ''),
(152, 'Memasukan data supplier', 1250919142, 2, ''),
(153, 'Memasukan data supplier', 1250919153, 2, ''),
(154, 'Memasukan data supplier', 1250919168, 2, ''),
(155, 'Memasukan data supplier', 1250919199, 2, ''),
(156, 'Memasukan data supplier', 1250919233, 2, ''),
(157, 'Memasukan data supplier', 1250919251, 2, ''),
(158, 'Memasukan data supplier', 1250919273, 2, ''),
(159, 'Memasukan data supplier', 1250919286, 2, ''),
(160, 'Memasukan data supplier', 1250919301, 2, ''),
(161, 'Memasukan data supplier', 1250919314, 2, ''),
(162, 'Memasukan data supplier', 1250919339, 2, ''),
(163, 'Memasukan data supplier', 1250919353, 2, ''),
(164, 'Memasukan data supplier', 1250919377, 2, ''),
(165, 'Memasukan data supplier', 1250919393, 2, ''),
(166, 'Memasukan data supplier', 1250919409, 2, ''),
(167, 'Memasukan data supplier', 1250919435, 2, ''),
(168, 'Memasukan data supplier', 1250919448, 2, ''),
(169, 'Memasukan data supplier', 1250919471, 2, ''),
(170, 'Memasukan data supplier', 1250919494, 2, ''),
(171, 'Memasukan data supplier', 1250919514, 2, ''),
(172, 'Memasukan data supplier', 1250919532, 2, ''),
(173, 'Memasukan data supplier', 1250919592, 2, ''),
(174, 'Memasukan data supplier', 1250919609, 2, ''),
(175, 'Memasukan data supplier', 1250919621, 2, ''),
(176, 'Memasukan data supplier', 1250919633, 2, ''),
(177, 'Memasukan data supplier', 1250919642, 2, ''),
(178, 'Memasukan data supplier', 1250919666, 2, ''),
(179, 'Memasukan data supplier', 1250919677, 2, ''),
(180, 'Memasukan data supplier', 1250919706, 2, ''),
(181, 'Memasukan data supplier', 1250919716, 2, ''),
(182, 'Memasukan data supplier', 1250919727, 2, ''),
(183, 'Memasukan data supplier', 1250919768, 2, ''),
(184, 'Memasukan data supplier', 1250919785, 2, ''),
(185, 'Memasukan data supplier', 1250919807, 2, ''),
(186, 'Memasukan data supplier', 1250919815, 2, ''),
(187, 'Memasukan data supplier', 1250919830, 2, ''),
(188, 'Memasukan data supplier', 1250919859, 2, ''),
(189, 'Memasukan data supplier', 1250919873, 2, ''),
(190, 'Memasukan data supplier', 1250919898, 2, ''),
(191, 'Memasukan data supplier', 1250919911, 2, ''),
(192, 'Memasukan data supplier', 1250919952, 2, ''),
(193, 'Memasukan data supplier', 1250919963, 2, ''),
(194, 'Memasukan data supplier', 1250920103, 2, ''),
(195, 'Memasukan data supplier', 1250920123, 2, ''),
(196, 'Memasukan data supplier', 1250920138, 2, ''),
(197, 'Memasukan data supplier', 1250920153, 2, ''),
(198, 'Memasukan data supplier', 1250920175, 2, ''),
(199, 'Memasukan data supplier', 1250920187, 2, ''),
(200, 'Memasukan data supplier', 1250920206, 2, ''),
(201, 'Memasukan data supplier', 1250920218, 2, ''),
(202, 'Memasukan data supplier', 1250920228, 2, ''),
(203, 'Memasukan data supplier', 1250920250, 2, ''),
(204, 'Memasukan data supplier', 1250920261, 2, ''),
(205, 'Memasukan data supplier', 1250920272, 2, ''),
(206, 'Memasukan data supplier', 1250920286, 2, ''),
(207, 'Memasukan data supplier', 1250920304, 2, ''),
(208, 'Memasukan data supplier', 1250920325, 2, ''),
(209, 'Memasukan data supplier', 1250920346, 2, ''),
(210, 'Memasukan data supplier', 1250920361, 2, ''),
(211, 'Memasukan data supplier', 1250920376, 2, ''),
(212, 'Memasukan data supplier', 1250920437, 2, ''),
(213, 'Memasukan data supplier', 1250920463, 2, ''),
(214, 'Memasukan data supplier', 1250920475, 2, ''),
(215, 'Memasukan data supplier', 1250920501, 2, ''),
(216, 'Memasukan data supplier', 1250920510, 2, ''),
(217, 'Memasukan data supplier', 1250920541, 2, ''),
(218, 'Memasukan data supplier', 1250920557, 2, ''),
(219, 'Memasukan data supplier', 1250920573, 2, ''),
(220, 'Memasukan data supplier', 1250920593, 2, ''),
(221, 'Memasukan data supplier', 1250920608, 2, ''),
(222, 'Memasukan data supplier', 1250920629, 2, ''),
(223, 'Memasukan data supplier', 1250920643, 2, ''),
(224, 'Memasukan data supplier', 1250920653, 2, ''),
(225, 'Memasukan data supplier', 1250920671, 2, ''),
(226, 'Memasukan data supplier', 1250920687, 2, ''),
(227, 'memasukkan data mutasi masuk item 1232131001', 1251088646, 1, ''),
(228, 'memasukkan data mutasi masuk item 1212544001', 1251088646, 1, ''),
(229, 'memasukkan data mutasi masuk item 1237489001', 1251088646, 1, ''),
(230, 'memasukkan data mutasi masuk item 1232131002', 1251088689, 1, ''),
(231, 'memasukkan data mutasi masuk item 1212544002', 1251088689, 1, ''),
(232, 'memasukkan data mutasi masuk item 1237489002', 1251088689, 1, ''),
(233, 'memasukkan data mutasi masuk item 1232131003', 1251088696, 1, ''),
(234, 'memasukkan data mutasi masuk item 1212544003', 1251088696, 1, ''),
(235, 'memasukkan data mutasi masuk item 1237489003', 1251088696, 1, ''),
(236, 'memasukkan data mutasi masuk item 1232131004', 1251088700, 1, ''),
(237, 'memasukkan data mutasi masuk item 1212544004', 1251088700, 1, ''),
(238, 'memasukkan data mutasi masuk item 1237489004', 1251088700, 1, ''),
(239, 'memasukkan data mutasi masuk item 12345001', 1251188450, 1, ''),
(240, 'memasukkan data mutasi masuk item 12344001', 1251188450, 1, ''),
(241, 'memasukkan data mutasi masuk item 12344001', 1251189758, 1, ''),
(242, 'memasukkan data mutasi masuk item 12345001', 1251189758, 1, ''),
(243, 'memasukkan data mutasi masuk item 12346001', 1251189758, 1, ''),
(244, 'memasukkan data mutasi masuk item 12344002', 1251189817, 1, ''),
(245, 'memasukkan data mutasi masuk item 12345002', 1251189817, 1, ''),
(246, 'memasukkan data mutasi masuk item 12346002', 1251189817, 1, ''),
(247, 'memasukkan data mutasi masuk item 12347001', 1251279686, 1, ''),
(248, 'Memasukan data supplier', 1251328772, 2, ''),
(249, 'Memasukan data supplier', 1251328790, 2, ''),
(250, 'Memasukan data supplier', 1251328803, 2, ''),
(251, 'Memasukan data supplier', 1251328854, 2, ''),
(252, 'Memasukan data supplier', 1251328875, 2, ''),
(253, 'Memasukan data supplier', 1251328888, 2, ''),
(254, 'Memasukan data supplier', 1251328899, 2, ''),
(255, 'Memasukan data supplier', 1251328922, 2, ''),
(256, 'Memasukan data supplier', 1251328966, 2, ''),
(257, 'Memasukan data supplier', 1251328991, 2, ''),
(258, 'Memasukan data supplier', 1251329008, 2, ''),
(259, 'Memasukan data supplier', 1251329018, 2, ''),
(260, 'Memasukan data supplier', 1251329030, 2, ''),
(261, 'Memasukan data supplier', 1251329041, 2, ''),
(262, 'Memasukan data supplier', 1251329082, 2, ''),
(263, 'Memasukan data supplier', 1251329100, 2, ''),
(264, 'Memasukan data supplier', 1251329115, 2, ''),
(265, 'Memasukan data supplier', 1251329138, 2, ''),
(266, 'Memasukan data supplier', 1251329155, 2, ''),
(267, 'Memasukan data supplier', 1251329189, 2, ''),
(268, 'Memasukan data supplier', 1251329211, 2, ''),
(269, 'Memasukan data supplier', 1251329262, 2, ''),
(270, 'Memasukan data supplier', 1251329301, 2, ''),
(271, 'Memasukan data supplier', 1251329318, 2, ''),
(272, 'Memasukan data supplier', 1251329330, 2, ''),
(273, 'Memasukan data supplier', 1251329361, 2, ''),
(274, 'Memasukan data supplier', 1251329375, 2, ''),
(275, 'Memasukan data supplier', 1251329385, 2, ''),
(276, 'Memasukan data supplier', 1251329393, 2, ''),
(277, 'Memasukan data supplier', 1251329403, 2, ''),
(278, 'Memasukan data supplier', 1251329418, 2, ''),
(279, 'Memasukan data supplier', 1251329426, 2, ''),
(280, 'Memasukan data supplier', 1251329458, 2, ''),
(281, 'Memasukan data supplier', 1251329476, 2, ''),
(282, 'Memasukan data supplier', 1251329493, 2, ''),
(283, 'Memasukan data supplier', 1251329504, 2, ''),
(284, 'Memasukan data supplier', 1251329522, 2, ''),
(285, 'Memasukan data supplier', 1251329532, 2, ''),
(286, 'Memasukan data supplier', 1251329542, 2, ''),
(287, 'Memasukan data supplier', 1251329556, 2, ''),
(288, 'Memasukan data supplier', 1251329575, 2, ''),
(289, 'Memasukan data supplier', 1251329587, 2, ''),
(290, 'Memasukan data supplier', 1251329599, 2, ''),
(291, 'Memasukan data supplier', 1251329609, 2, ''),
(292, 'Memasukan data supplier', 1251329620, 2, ''),
(293, 'Memasukan data supplier', 1251329629, 2, ''),
(294, 'Memasukan data supplier', 1251329646, 2, ''),
(295, 'Memasukan data supplier', 1251329661, 2, ''),
(296, 'Memasukan data supplier', 1251329671, 2, ''),
(297, 'Memasukan data supplier', 1251329693, 2, ''),
(298, 'Memasukan data supplier', 1251329715, 2, ''),
(299, 'Memasukan data supplier', 1251329727, 2, ''),
(300, 'Memasukan data supplier', 1251329741, 2, ''),
(301, 'Memasukan data supplier', 1251329753, 2, ''),
(302, 'Memasukan data supplier', 1251329764, 2, ''),
(303, 'Memasukan data supplier', 1251329772, 2, ''),
(304, 'Memasukan data supplier', 1251329785, 2, ''),
(305, 'Memasukan data supplier', 1251329794, 2, ''),
(306, 'Memasukan data supplier', 1251329813, 2, ''),
(307, 'Memasukan data supplier', 1251329823, 2, ''),
(308, 'Memasukan data supplier', 1251329835, 2, ''),
(309, 'Memasukan data supplier', 1251329844, 2, ''),
(310, 'Memasukan data supplier', 1251329867, 2, ''),
(311, 'Memasukan data supplier', 1251329890, 2, ''),
(312, 'Memasukan data supplier', 1251329915, 2, ''),
(313, 'Memasukan data supplier', 1251329929, 2, ''),
(314, 'Memasukan data supplier', 1251329956, 2, ''),
(315, 'Memasukan data supplier', 1251329968, 2, ''),
(316, 'Memasukan data supplier', 1251329997, 2, ''),
(317, 'Memasukan data supplier', 1251330007, 2, ''),
(318, 'Memasukan data supplier', 1251330016, 2, ''),
(319, 'Memasukan data supplier', 1251330027, 2, ''),
(320, 'Memasukan data supplier', 1251330036, 2, ''),
(321, 'Memasukan data supplier', 1251330049, 2, ''),
(322, 'Memasukan data supplier', 1251330057, 2, ''),
(323, 'Memasukan data supplier', 1251330067, 2, ''),
(324, 'Memasukan data supplier', 1251330088, 2, ''),
(325, 'Memasukan data supplier', 1251330108, 2, ''),
(326, 'Memasukan data supplier', 1251330120, 2, ''),
(327, 'Memasukan data supplier', 1251330128, 2, ''),
(328, 'Memasukan data supplier', 1251330147, 2, ''),
(329, 'Memasukan data supplier', 1251330177, 2, ''),
(330, 'Memasukan data supplier', 1251330197, 2, ''),
(331, 'Memasukan data supplier', 1251330207, 2, ''),
(332, 'Memasukan data supplier', 1251330216, 2, ''),
(333, 'Memasukan data supplier', 1251330224, 2, ''),
(334, 'Memasukan data supplier', 1251330241, 2, ''),
(335, 'Memasukan data supplier', 1251330251, 2, ''),
(336, 'Memasukan data supplier', 1251330260, 2, ''),
(337, 'Memasukan data supplier', 1251330273, 2, ''),
(338, 'Memasukan data supplier', 1251330283, 2, ''),
(339, 'Memasukan data supplier', 1251330299, 2, ''),
(340, 'Memasukan data supplier', 1251330320, 2, ''),
(341, 'Memasukan data supplier', 1251330340, 2, ''),
(342, 'Memasukan data supplier', 1251330350, 2, ''),
(343, 'Memasukan data supplier', 1251330361, 2, ''),
(344, 'Memasukan data supplier', 1251330383, 2, ''),
(345, 'Memasukan data supplier', 1251330397, 2, ''),
(346, 'Memasukan data supplier', 1251330410, 2, ''),
(347, 'Memasukan data supplier', 1251330421, 2, ''),
(348, 'Memasukan data supplier', 1251330435, 2, ''),
(349, 'Memasukan data supplier', 1251330453, 2, ''),
(350, 'Memasukan data supplier', 1251330463, 2, ''),
(351, 'Memasukan data supplier', 1251330472, 2, ''),
(352, 'Memasukan data supplier', 1251330485, 2, ''),
(353, 'Memasukan data supplier', 1251330498, 2, ''),
(354, 'Memasukan data supplier', 1251330510, 2, ''),
(355, 'Memasukan data supplier', 1251330527, 2, ''),
(356, 'Memasukan data supplier', 1251330540, 2, ''),
(357, 'Memasukan data supplier', 1251330550, 2, ''),
(358, 'Memasukan data supplier', 1251330557, 2, ''),
(359, 'Memasukan data supplier', 1251330570, 2, ''),
(360, 'Memasukan data supplier', 1251330582, 2, ''),
(361, 'Memasukan data supplier', 1251330595, 2, ''),
(362, 'Memasukan data supplier', 1251330604, 2, ''),
(363, 'Memasukan data supplier', 1251330613, 2, ''),
(364, 'Memasukan data supplier', 1251330625, 2, ''),
(365, 'Memasukan data supplier', 1251330643, 2, ''),
(366, 'Memasukan data supplier', 1251330655, 2, ''),
(367, 'Memasukan data supplier', 1251330669, 2, ''),
(368, 'Memasukan data supplier', 1251330677, 2, ''),
(369, 'Memasukan data supplier', 1251330688, 2, ''),
(370, 'Memasukan data supplier', 1251330697, 2, ''),
(371, 'Memasukan data supplier', 1251330710, 2, ''),
(372, 'Memasukan data supplier', 1251330723, 2, ''),
(373, 'Memasukan data supplier', 1251330734, 2, ''),
(374, 'Memasukan data supplier', 1251330745, 2, ''),
(375, 'Memasukan data supplier', 1251330752, 2, ''),
(376, 'Memasukan data supplier', 1251330769, 2, ''),
(377, 'Memasukan data supplier', 1251330785, 2, ''),
(378, 'Memasukan data supplier', 1251330800, 2, ''),
(379, 'Memasukan data supplier', 1251330810, 2, ''),
(380, 'Memasukan data supplier', 1251330821, 2, ''),
(381, 'Memasukan data supplier', 1251330834, 2, ''),
(382, 'Memasukan data supplier', 1251330852, 2, ''),
(383, 'Memasukan data supplier', 1251330863, 2, ''),
(384, 'Memasukan data supplier', 1251330877, 2, ''),
(385, 'Memasukan data supplier', 1251330887, 2, ''),
(386, 'Memasukan data supplier', 1251330896, 2, ''),
(387, 'Memasukan data supplier', 1251330907, 2, ''),
(388, 'Memasukan data supplier', 1251330918, 2, ''),
(389, 'Memasukan data supplier', 1251330924, 2, ''),
(390, 'Memasukan data supplier', 1251330938, 2, ''),
(391, 'Memasukan data supplier', 1251330951, 2, ''),
(392, 'Memasukan data supplier', 1251330961, 2, ''),
(393, 'Memasukan data supplier', 1251330975, 2, ''),
(394, 'Memasukan data supplier', 1251330986, 2, ''),
(395, 'Memasukan data supplier', 1251331006, 2, ''),
(396, 'Memasukan data supplier', 1251331020, 2, ''),
(397, 'Memasukan data supplier', 1251331030, 2, ''),
(398, 'Memasukan data supplier', 1251331051, 2, ''),
(399, 'Memasukan data supplier', 1251331066, 2, ''),
(400, 'Memasukan data supplier', 1251331074, 2, ''),
(401, 'Memasukan data supplier', 1251331082, 2, ''),
(402, 'Memasukan data supplier', 1251331092, 2, ''),
(403, 'Memasukan data supplier', 1251331102, 2, ''),
(404, 'Memasukan data supplier', 1251331112, 2, ''),
(405, 'Memasukan data supplier', 1251331123, 2, ''),
(406, 'Memasukan data supplier', 1251331130, 2, ''),
(407, 'Memasukan data supplier', 1251331140, 2, ''),
(408, 'Memasukan data supplier', 1251331158, 2, ''),
(409, 'Memasukan data supplier', 1251331173, 2, ''),
(410, 'Memasukan data supplier', 1251331185, 2, ''),
(411, 'Memasukan data supplier', 1251331200, 2, ''),
(412, 'Memasukan data supplier', 1251331211, 2, ''),
(413, 'Memasukan data supplier', 1251331225, 2, ''),
(414, 'Memasukan data supplier', 1251331240, 2, ''),
(415, 'Memasukan data supplier', 1251331259, 2, ''),
(416, 'Memasukan data supplier', 1251331288, 2, ''),
(417, 'Memasukan data supplier', 1251331324, 2, ''),
(418, 'Memasukan data supplier', 1251331374, 2, ''),
(419, 'Memasukan data supplier', 1251331385, 2, ''),
(420, 'Memasukan data supplier', 1251331396, 2, ''),
(421, 'Memasukan data supplier', 1251331407, 2, ''),
(422, 'Memasukan data supplier', 1251331416, 2, ''),
(423, 'Memasukan data supplier', 1251331422, 2, ''),
(424, 'Memasukan data supplier', 1251331430, 2, ''),
(425, 'Memasukan data supplier', 1251331442, 2, ''),
(426, 'Memasukan data supplier', 1251331454, 2, ''),
(427, 'Memasukan data supplier', 1251331474, 2, ''),
(428, 'Memasukan data supplier', 1251331533, 2, ''),
(429, 'Memasukan data supplier', 1251331541, 2, ''),
(430, 'Memasukan data supplier', 1251331556, 2, ''),
(431, 'Memasukan data supplier', 1251331569, 2, ''),
(432, 'Memasukan data supplier', 1251331580, 2, ''),
(433, 'Memasukan data supplier', 1251331603, 2, ''),
(434, 'Memasukan data supplier', 1251331616, 2, ''),
(435, 'Memasukan data supplier', 1251331630, 2, ''),
(436, 'Memasukan data supplier', 1251331643, 2, ''),
(437, 'Memasukan data supplier', 1251331655, 2, ''),
(438, 'Memasukan data supplier', 1251331668, 2, ''),
(439, 'Memasukan data supplier', 1251331696, 2, ''),
(440, 'Memasukan data supplier', 1251331707, 2, ''),
(441, 'Memasukan data supplier', 1251331717, 2, ''),
(442, 'Memasukan data supplier', 1251331727, 2, ''),
(443, 'Memasukan data supplier', 1251331737, 2, ''),
(444, 'Memasukan data supplier', 1251331761, 2, ''),
(445, 'Memasukan data supplier', 1251331772, 2, ''),
(446, 'Memasukan data supplier', 1251331802, 2, ''),
(447, 'Memasukan data supplier', 1251331813, 2, ''),
(448, 'Memasukan data supplier', 1251331828, 2, ''),
(449, 'Memasukan data supplier', 1251331862, 2, ''),
(450, 'Memasukan data supplier', 1251331872, 2, ''),
(451, 'Memasukan data supplier', 1251331883, 2, ''),
(452, 'Memasukan data supplier', 1251331895, 2, ''),
(453, 'Memasukan data supplier', 1251331904, 2, ''),
(454, 'Memasukan data supplier', 1251331919, 2, ''),
(455, 'Memasukan data supplier', 1251331928, 2, ''),
(456, 'Memasukan data supplier', 1251331939, 2, ''),
(457, 'Memasukan data supplier', 1251331948, 2, ''),
(458, 'Memasukan data supplier', 1251331960, 2, ''),
(459, 'Memasukan data supplier', 1251331970, 2, ''),
(460, 'Memasukan data supplier', 1251331982, 2, ''),
(461, 'Memasukan data supplier', 1251332001, 2, ''),
(462, 'Memasukan data supplier', 1251332010, 2, ''),
(463, 'Memasukan data supplier', 1251332018, 2, ''),
(464, 'Memasukan data supplier', 1251332030, 2, ''),
(465, 'Memasukan data supplier', 1251332041, 2, ''),
(466, 'Memasukan data supplier', 1251332051, 2, ''),
(467, 'Memasukan data supplier', 1251332061, 2, ''),
(468, 'Memasukan data supplier', 1251332080, 2, ''),
(469, 'Memasukan data supplier', 1251332099, 2, ''),
(470, 'Memasukan data supplier', 1251332115, 2, ''),
(471, 'Memasukan data supplier', 1251332130, 2, ''),
(472, 'Memasukan data supplier', 1251332165, 2, ''),
(473, 'Memasukan data supplier', 1251332182, 2, ''),
(474, 'Memasukan data supplier', 1251332190, 2, ''),
(475, 'Memasukan data supplier', 1251332199, 2, ''),
(476, 'Memasukan data supplier', 1251332214, 2, ''),
(477, 'Memasukan data supplier', 1251332226, 2, ''),
(478, 'Memasukan data supplier', 1251332244, 2, ''),
(479, 'Memasukan data supplier', 1251332256, 2, ''),
(480, 'Memasukan data supplier', 1251332276, 2, ''),
(481, 'Memasukan data supplier', 1251332307, 2, ''),
(482, 'Memasukan data supplier', 1251332319, 2, ''),
(483, 'Memasukan data supplier', 1251332330, 2, ''),
(484, 'Memasukan data supplier', 1251332337, 2, ''),
(485, 'Memasukan data supplier', 1251332348, 2, ''),
(486, 'Memasukan data supplier', 1251332361, 2, ''),
(487, 'Memasukan data supplier', 1251332375, 2, ''),
(488, 'Memasukan data supplier', 1251332387, 2, ''),
(489, 'Memasukan data supplier', 1251332397, 2, ''),
(490, 'Memasukan data supplier', 1251332406, 2, ''),
(491, 'Memasukan data supplier', 1251332420, 2, ''),
(492, 'Memasukan data supplier', 1251332428, 2, ''),
(493, 'Memasukan data supplier', 1251332436, 2, ''),
(494, 'Memasukan data supplier', 1251332446, 2, ''),
(495, 'Memasukan data supplier', 1251332459, 2, ''),
(496, 'Memasukan data supplier', 1251332485, 2, ''),
(497, 'Memasukan data supplier', 1251332496, 2, ''),
(498, 'Memasukan data supplier', 1251332507, 2, ''),
(499, 'Memasukan data supplier', 1251332515, 2, ''),
(500, 'Memasukan data supplier', 1251332525, 2, ''),
(501, 'Memasukan data supplier', 1251332536, 2, ''),
(502, 'Memasukan data supplier', 1251332586, 2, ''),
(503, 'Memasukan data supplier', 1251332593, 2, ''),
(504, 'Memasukan data supplier', 1251332602, 2, ''),
(505, 'Memasukan data supplier', 1251332612, 2, ''),
(506, 'Memasukan data supplier', 1251332621, 2, ''),
(507, 'Memasukan data supplier', 1251332631, 2, ''),
(508, 'Memasukan data supplier', 1251332643, 2, ''),
(509, 'Memasukan data supplier', 1251332664, 2, ''),
(510, 'Memasukan data supplier', 1251332675, 2, ''),
(511, 'Memasukan data supplier', 1251332682, 2, ''),
(512, 'Memasukan data supplier', 1251332691, 2, ''),
(513, 'Memasukan data supplier', 1251332703, 2, ''),
(514, 'Memasukan data supplier', 1251332711, 2, ''),
(515, 'Memasukan data supplier', 1251332727, 2, ''),
(516, 'Memasukan data supplier', 1251332736, 2, ''),
(517, 'Memasukan data supplier', 1251332747, 2, ''),
(518, 'Memasukan data supplier', 1251332756, 2, ''),
(519, 'Memasukan data supplier', 1251332772, 2, ''),
(520, 'Memasukan data supplier', 1251332785, 2, ''),
(521, 'Memasukan data supplier', 1251332801, 2, ''),
(522, 'Memasukan data supplier', 1251332818, 2, ''),
(523, 'Memasukan data supplier', 1251340127, 2, ''),
(524, 'Memasukan data supplier', 1251340136, 2, ''),
(525, 'Memasukan data supplier', 1251340152, 2, ''),
(526, 'Memasukan data supplier', 1251340163, 2, ''),
(527, 'Memasukan data supplier', 1251340172, 2, ''),
(528, 'Memasukan data supplier', 1251340186, 2, ''),
(529, 'Memasukan data supplier', 1251340197, 2, ''),
(530, 'Memasukan data supplier', 1251340216, 2, ''),
(531, 'Memasukan data supplier', 1251340228, 2, ''),
(532, 'Memasukan data supplier', 1251340237, 2, ''),
(533, 'Memasukan data supplier', 1251340261, 2, ''),
(534, 'Memasukan data supplier', 1251340309, 2, ''),
(535, 'Memasukan data supplier', 1251340326, 2, ''),
(536, 'Memasukan data supplier', 1251340351, 2, ''),
(537, 'Memasukan data supplier', 1251340364, 2, ''),
(538, 'Memasukan data supplier', 1251340372, 2, ''),
(539, 'Memasukan data supplier', 1251340387, 2, ''),
(540, 'Memasukan data supplier', 1251340405, 2, ''),
(541, 'Memasukan data supplier', 1251340420, 2, ''),
(542, 'Memasukan data supplier', 1251340429, 2, ''),
(543, 'Memasukan data supplier', 1251340447, 2, ''),
(544, 'Memasukan data supplier', 1251340455, 2, ''),
(545, 'Memasukan data supplier', 1251340466, 2, ''),
(546, 'Memasukan data supplier', 1251340476, 2, ''),
(547, 'Memasukan data supplier', 1251340492, 2, ''),
(548, 'Memasukan data supplier', 1251340514, 2, ''),
(549, 'Memasukan data supplier', 1251340604, 2, ''),
(550, 'Memasukan data supplier', 1251340692, 2, ''),
(551, 'Memasukan data supplier', 1251340705, 2, ''),
(552, 'Memasukan data supplier', 1251340714, 2, ''),
(553, 'Memasukan data supplier', 1251340726, 2, ''),
(554, 'Memasukan data supplier', 1251340735, 2, ''),
(555, 'Memasukan data supplier', 1251340743, 2, ''),
(556, 'Memasukan data supplier', 1251340753, 2, ''),
(557, 'Memasukan data supplier', 1251340770, 2, ''),
(558, 'Memasukan data supplier', 1251340778, 2, ''),
(559, 'Memasukan data supplier', 1251340789, 2, ''),
(560, 'Memasukan data supplier', 1251340806, 2, ''),
(561, 'Memasukan data supplier', 1251340820, 2, ''),
(562, 'Memasukan data supplier', 1251340830, 2, ''),
(563, 'Memasukan data supplier', 1251340845, 2, ''),
(564, 'Memasukan data supplier', 1251340884, 2, ''),
(565, 'Memasukan data supplier', 1251340893, 2, ''),
(566, 'Memasukan data supplier', 1251340907, 2, ''),
(567, 'Memasukan data supplier', 1251340926, 2, ''),
(568, 'Memasukan data supplier', 1251340940, 2, ''),
(569, 'Memasukan data supplier', 1251340951, 2, ''),
(570, 'Memasukan data supplier', 1251340963, 2, ''),
(571, 'Memasukan data supplier', 1251340976, 2, ''),
(572, 'Memasukan data supplier', 1251340991, 2, ''),
(573, 'Memasukan data supplier', 1251341000, 2, ''),
(574, 'Memasukan data supplier', 1251341038, 2, ''),
(575, 'Memasukan data supplier', 1251341047, 2, ''),
(576, 'Memasukan data supplier', 1251341101, 2, ''),
(577, 'Memasukan data supplier', 1251341110, 2, ''),
(578, 'Memasukan data supplier', 1251341172, 2, ''),
(579, 'Memasukan data supplier', 1251341185, 2, ''),
(580, 'Memasukan data supplier', 1251341195, 2, ''),
(581, 'Memasukan data supplier', 1251341205, 2, ''),
(582, 'Memasukan data supplier', 1251341215, 2, ''),
(583, 'Memasukan data supplier', 1251341223, 2, ''),
(584, 'Memasukan data supplier', 1251341235, 2, ''),
(585, 'Memasukan data supplier', 1251341248, 2, ''),
(586, 'Memasukan data supplier', 1251341263, 2, ''),
(587, 'Memasukan data supplier', 1251341277, 2, ''),
(588, 'Memasukan data supplier', 1251341286, 2, ''),
(589, 'Memasukan data supplier', 1251341297, 2, ''),
(590, 'Memasukan data supplier', 1251341307, 2, ''),
(591, 'Memasukan data supplier', 1251341319, 2, ''),
(592, 'Memasukan data supplier', 1251341334, 2, ''),
(593, 'Memasukan data supplier', 1251341347, 2, ''),
(594, 'Memasukan data supplier', 1251341356, 2, ''),
(595, 'Memasukan data supplier', 1251341366, 2, ''),
(596, 'Memasukan data supplier', 1251341395, 2, ''),
(597, 'Memasukan data supplier', 1251341407, 2, ''),
(598, 'Memasukan data supplier', 1251341418, 2, ''),
(599, 'Memasukan data supplier', 1251341429, 2, ''),
(600, 'Memasukan data supplier', 1251341448, 2, ''),
(601, 'Memasukan data supplier', 1251341459, 2, ''),
(602, 'Memasukan data supplier', 1251341468, 2, ''),
(603, 'Memasukan data supplier', 1251341486, 2, ''),
(604, 'Memasukan data supplier', 1251341496, 2, ''),
(605, 'Memasukan data supplier', 1251341510, 2, ''),
(606, 'Memasukan data supplier', 1251341528, 2, ''),
(607, 'Memasukan data supplier', 1251341537, 2, ''),
(608, 'Memasukan data supplier', 1251341546, 2, ''),
(609, 'Memasukan data supplier', 1251341556, 2, ''),
(610, 'Memasukan data supplier', 1251341578, 2, ''),
(611, 'Memasukan data supplier', 1251341585, 2, ''),
(612, 'Memasukan data supplier', 1251341592, 2, ''),
(613, 'Memasukan data supplier', 1251341601, 2, ''),
(614, 'Memasukan data supplier', 1251341610, 2, ''),
(615, 'Memasukan data supplier', 1251341617, 2, ''),
(616, 'Memasukan data supplier', 1251341630, 2, ''),
(617, 'Memasukan data supplier', 1251341638, 2, ''),
(618, 'Memasukan data supplier', 1251341647, 2, ''),
(619, 'Memasukan data supplier', 1251341673, 2, ''),
(620, 'Memasukan data supplier', 1251341693, 2, ''),
(621, 'Memasukan data supplier', 1251341709, 2, ''),
(622, 'Memasukan data supplier', 1251341734, 2, ''),
(623, 'Memasukan data supplier', 1251341749, 2, ''),
(624, 'Memasukan data supplier', 1251341764, 2, ''),
(625, 'Memasukan data supplier', 1251341776, 2, ''),
(626, 'Memasukan data supplier', 1251341786, 2, ''),
(627, 'Memasukan data supplier', 1251341800, 2, ''),
(628, 'Memasukan data supplier', 1251341811, 2, ''),
(629, 'Memasukan data supplier', 1251341823, 2, ''),
(630, 'Memasukan data supplier', 1251341835, 2, ''),
(631, 'Memasukan data supplier', 1251341850, 2, ''),
(632, 'Memasukan data supplier', 1251341860, 2, ''),
(633, 'Memasukan data supplier', 1251341871, 2, ''),
(634, 'Memasukan data supplier', 1251341888, 2, ''),
(635, 'Memasukan data supplier', 1251341899, 2, ''),
(636, 'Memasukan data supplier', 1251341910, 2, ''),
(637, 'Memasukan data supplier', 1251341927, 2, ''),
(638, 'Memasukan data supplier', 1251341957, 2, ''),
(639, 'Memasukan data supplier', 1251341969, 2, ''),
(640, 'Memasukan data supplier', 1251341986, 2, ''),
(641, 'Memasukan data supplier', 1251341995, 2, ''),
(642, 'Memasukan data supplier', 1251342004, 2, ''),
(643, 'Memasukan data supplier', 1251342012, 2, ''),
(644, 'Memasukan data supplier', 1251342053, 2, ''),
(645, 'Memasukan data supplier', 1251342064, 2, ''),
(646, 'Memasukan data supplier', 1251342079, 2, ''),
(647, 'Memasukan data supplier', 1251342092, 2, ''),
(648, 'Memasukan data supplier', 1251342103, 2, ''),
(649, 'Memasukan data supplier', 1251342113, 2, ''),
(650, 'Memasukan data supplier', 1251342135, 2, ''),
(651, 'Memasukan data supplier', 1251342145, 2, ''),
(652, 'Memasukan data supplier', 1251342169, 2, ''),
(653, 'Memasukan data supplier', 1251342182, 2, ''),
(654, 'Memasukan data supplier', 1251342193, 2, ''),
(655, 'Memasukan data supplier', 1251342205, 2, ''),
(656, 'Memasukan data supplier', 1251342224, 2, ''),
(657, 'Memasukan data supplier', 1251342238, 2, ''),
(658, 'Memasukan data supplier', 1251342282, 2, ''),
(659, 'Memasukan data supplier', 1251342298, 2, ''),
(660, 'Memasukan data supplier', 1251342311, 2, ''),
(661, 'Memasukan data supplier', 1251342321, 2, ''),
(662, 'Memasukan data supplier', 1251342330, 2, ''),
(663, 'Memasukan data supplier', 1251342353, 2, ''),
(664, 'Memasukan data supplier', 1251342365, 2, ''),
(665, 'Memasukan data supplier', 1251342380, 2, ''),
(666, 'Memasukan data supplier', 1251342393, 2, ''),
(667, 'Memasukan data supplier', 1251342401, 2, ''),
(668, 'Memasukan data supplier', 1251342422, 2, ''),
(669, 'Memasukan data supplier', 1251342430, 2, ''),
(670, 'Memasukan data supplier', 1251342439, 2, ''),
(671, 'Memasukan data supplier', 1251342453, 2, ''),
(672, 'Memasukan data supplier', 1251342474, 2, ''),
(673, 'Memasukan data supplier', 1251342494, 2, ''),
(674, 'Memasukan data supplier', 1251342501, 2, ''),
(675, 'Memasukan data supplier', 1251342511, 2, ''),
(676, 'Memasukan data supplier', 1251342566, 2, ''),
(677, 'Memasukan data supplier', 1251342577, 2, ''),
(678, 'Memasukan data supplier', 1251342585, 2, ''),
(679, 'Memasukan data supplier', 1251342595, 2, ''),
(680, 'Memasukan data supplier', 1251342604, 2, ''),
(681, 'Memasukan data supplier', 1251342614, 2, ''),
(682, 'Memasukan data supplier', 1251342627, 2, ''),
(683, 'Memasukan data supplier', 1251342637, 2, ''),
(684, 'Memasukan data supplier', 1251342649, 2, ''),
(685, 'Memasukan data supplier', 1251342661, 2, ''),
(686, 'Memasukan data supplier', 1251342670, 2, ''),
(687, 'Memasukan data supplier', 1251342690, 2, ''),
(688, 'Memasukan data supplier', 1251342700, 2, ''),
(689, 'Memasukan data supplier', 1251342718, 2, ''),
(690, 'Memasukan data supplier', 1251342727, 2, ''),
(691, 'Memasukan data supplier', 1251342740, 2, ''),
(692, 'Memasukan data supplier', 1251342747, 2, ''),
(693, 'Memasukan data supplier', 1251342756, 2, ''),
(694, 'Memasukan data supplier', 1251342764, 2, ''),
(695, 'Memasukan data supplier', 1251342773, 2, ''),
(696, 'Memasukan data supplier', 1251342782, 2, ''),
(697, 'Memasukan data supplier', 1251342789, 2, ''),
(698, 'Memasukan data supplier', 1251342800, 2, ''),
(699, 'Memasukan data supplier', 1251342808, 2, ''),
(700, 'Memasukan data supplier', 1251342817, 2, ''),
(701, 'Memasukan data supplier', 1251342826, 2, ''),
(702, 'Memasukan data supplier', 1251342836, 2, ''),
(703, 'Memasukan data supplier', 1251342847, 2, ''),
(704, 'Memasukan data supplier', 1251342855, 2, ''),
(705, 'Memasukan data supplier', 1251342865, 2, ''),
(706, 'Memasukan data supplier', 1251342878, 2, ''),
(707, 'Memasukan data supplier', 1251342894, 2, ''),
(708, 'Memasukan data supplier', 1251342906, 2, ''),
(709, 'Memasukan data supplier', 1251342924, 2, ''),
(710, 'Memasukan data supplier', 1251342934, 2, ''),
(711, 'Memasukan data supplier', 1251342951, 2, ''),
(712, 'Memasukan data supplier', 1251342960, 2, ''),
(713, 'Memasukan data supplier', 1251342970, 2, ''),
(714, 'Memasukan data supplier', 1251342980, 2, ''),
(715, 'Memasukan data supplier', 1251342994, 2, ''),
(716, 'Memasukan data supplier', 1251343001, 2, ''),
(717, 'Memasukan data supplier', 1251343008, 2, ''),
(718, 'Memasukan data supplier', 1251343019, 2, ''),
(719, 'Memasukan data supplier', 1251343027, 2, ''),
(720, 'Memasukan data supplier', 1251343037, 2, ''),
(721, 'Memasukan data supplier', 1251343058, 2, ''),
(722, 'Memasukan data supplier', 1251343067, 2, ''),
(723, 'Memasukan data supplier', 1251343079, 2, ''),
(724, 'Memasukan data supplier', 1251343090, 2, ''),
(725, 'Memasukan data supplier', 1251343102, 2, ''),
(726, 'Memasukan data supplier', 1251343117, 2, ''),
(727, 'Memasukan data supplier', 1251343139, 2, ''),
(728, 'Memasukan data supplier', 1251343150, 2, ''),
(729, 'Memasukan data supplier', 1251343158, 2, ''),
(730, 'Memasukan data supplier', 1251343168, 2, ''),
(731, 'Memasukan data supplier', 1251343186, 2, ''),
(732, 'Memasukan data supplier', 1251343202, 2, ''),
(733, 'Memasukan data supplier', 1251343246, 2, ''),
(734, 'Memasukan data supplier', 1251343261, 2, ''),
(735, 'Memasukan data supplier', 1251343270, 2, ''),
(736, 'Memasukan data supplier', 1251343280, 2, ''),
(737, 'Memasukan data supplier', 1251343297, 2, ''),
(738, 'Memasukan data supplier', 1251343310, 2, ''),
(739, 'Memasukan data supplier', 1251343328, 2, ''),
(740, 'Memasukan data supplier', 1251343336, 2, ''),
(741, 'Memasukan data supplier', 1251343350, 2, ''),
(742, 'Memasukan data supplier', 1251343363, 2, ''),
(743, 'Memasukan data supplier', 1251343383, 2, ''),
(744, 'Memasukan data supplier', 1251343400, 2, ''),
(745, 'Memasukan data supplier', 1251343416, 2, ''),
(746, 'Memasukan data supplier', 1251343427, 2, ''),
(747, 'Memasukan data supplier', 1251343437, 2, ''),
(748, 'Memasukan data supplier', 1251343447, 2, ''),
(749, 'Memasukan data supplier', 1251343455, 2, ''),
(750, 'Memasukan data supplier', 1251343464, 2, ''),
(751, 'Memasukan data supplier', 1251343484, 2, ''),
(752, 'Memasukan data supplier', 1251343507, 2, ''),
(753, 'Memasukan data supplier', 1251343516, 2, ''),
(754, 'Memasukan data supplier', 1251343552, 2, ''),
(755, 'Memasukan data supplier', 1251343563, 2, ''),
(756, 'Memasukan data supplier', 1251343576, 2, ''),
(757, 'Memasukan data supplier', 1251343586, 2, ''),
(758, 'Memasukan data supplier', 1251343596, 2, ''),
(759, 'Memasukan data supplier', 1251343605, 2, ''),
(760, 'Memasukan data supplier', 1251343618, 2, ''),
(761, 'Memasukan data supplier', 1251343632, 2, ''),
(762, 'Memasukan data supplier', 1251343642, 2, ''),
(763, 'Memasukan data supplier', 1251343655, 2, ''),
(764, 'Memasukan data supplier', 1251343663, 2, ''),
(765, 'Memasukan data supplier', 1251343675, 2, ''),
(766, 'Memasukan data supplier', 1251343682, 2, ''),
(767, 'Memasukan data supplier', 1251343693, 2, ''),
(768, 'Memasukan data supplier', 1251343705, 2, ''),
(769, 'Memasukan data supplier', 1251343730, 2, ''),
(770, 'Memasukan data supplier', 1251343741, 2, ''),
(771, 'Memasukan data supplier', 1251343752, 2, ''),
(772, 'Memasukan data supplier', 1251343768, 2, ''),
(773, 'Memasukan data supplier', 1251343779, 2, ''),
(774, 'Memasukan data supplier', 1251344057, 2, ''),
(775, 'Memasukan data supplier', 1251344069, 2, ''),
(776, 'Memasukan data supplier', 1251344090, 2, ''),
(777, 'Memasukan data supplier', 1251344102, 2, ''),
(778, 'Memasukan data supplier', 1251344128, 2, ''),
(779, 'Memasukan data supplier', 1251344145, 2, ''),
(780, 'Memasukan data supplier', 1251344207, 2, ''),
(781, 'Memasukan data supplier', 1251344218, 2, ''),
(782, 'Memasukan data supplier', 1251344229, 2, ''),
(783, 'Memasukan data supplier', 1251344239, 2, ''),
(784, 'Memasukan data supplier', 1251344278, 2, ''),
(785, 'Memasukan data supplier', 1251344294, 2, ''),
(786, 'Memasukan data supplier', 1251344304, 2, ''),
(787, 'Memasukan data supplier', 1251346423, 2, ''),
(788, 'Memasukan data supplier', 1251346434, 2, ''),
(789, 'Memasukan data supplier', 1251346448, 2, ''),
(790, 'Memasukan data supplier', 1251346460, 2, ''),
(791, 'Memasukan data supplier', 1251346474, 2, ''),
(792, 'Memasukan data supplier', 1251346486, 2, ''),
(793, 'Memasukan data supplier', 1251346498, 2, ''),
(794, 'Memasukan data supplier', 1251346509, 2, ''),
(795, 'Memasukan data supplier', 1251346521, 2, ''),
(796, 'Memasukan data supplier', 1251346528, 2, ''),
(797, 'Memasukan data supplier', 1251346536, 2, ''),
(798, 'Memasukan data supplier', 1251346546, 2, ''),
(799, 'Memasukan data supplier', 1251346557, 2, ''),
(800, 'Memasukan data supplier', 1251346574, 2, ''),
(801, 'Memasukan data supplier', 1251346580, 2, ''),
(802, 'Memasukan data supplier', 1251346604, 2, ''),
(803, 'Memasukan data supplier', 1251346619, 2, ''),
(804, 'Memasukan data supplier', 1251346627, 2, ''),
(805, 'Memasukan data supplier', 1251346643, 2, ''),
(806, 'Memasukan data supplier', 1251346657, 2, ''),
(807, 'Memasukan data supplier', 1251346664, 2, ''),
(808, 'Memasukan data supplier', 1251346672, 2, ''),
(809, 'Memasukan data supplier', 1251346680, 2, ''),
(810, 'Memasukan data supplier', 1251346699, 2, ''),
(811, 'Memasukan data supplier', 1251346710, 2, ''),
(812, 'Memasukan data supplier', 1251346720, 2, ''),
(813, 'Memasukan data supplier', 1251346736, 2, ''),
(814, 'Memasukan data supplier', 1251346754, 2, ''),
(815, 'Memasukan data supplier', 1251346763, 2, ''),
(816, 'Memasukan data supplier', 1251346775, 2, ''),
(817, 'Memasukan data supplier', 1251346783, 2, ''),
(818, 'Memasukan data supplier', 1251346831, 2, ''),
(819, 'Memasukan data supplier', 1251346844, 2, ''),
(820, 'Memasukan data supplier', 1251346858, 2, ''),
(821, 'Memasukan data supplier', 1251346870, 2, ''),
(822, 'Memasukan data supplier', 1251346879, 2, ''),
(823, 'Memasukan data supplier', 1251346889, 2, ''),
(824, 'Memasukan data supplier', 1251346904, 2, ''),
(825, 'Memasukan data supplier', 1251346918, 2, ''),
(826, 'Memasukan data supplier', 1251346929, 2, ''),
(827, 'Memasukan data supplier', 1251346947, 2, ''),
(828, 'Memasukan data supplier', 1251346965, 2, ''),
(829, 'Memasukan data supplier', 1251346979, 2, ''),
(830, 'Memasukan data supplier', 1251346991, 2, ''),
(831, 'Memasukan data supplier', 1251347000, 2, ''),
(832, 'Memasukan data supplier', 1251347014, 2, ''),
(833, 'Memasukan data supplier', 1251347024, 2, ''),
(834, 'Memasukan data supplier', 1251347035, 2, ''),
(835, 'Memasukan data supplier', 1251347044, 2, ''),
(836, 'Memasukan data supplier', 1251347074, 2, ''),
(837, 'Memasukan data supplier', 1251347099, 2, ''),
(838, 'Memasukan data supplier', 1251347116, 2, ''),
(839, 'Memasukan data supplier', 1251347123, 2, ''),
(840, 'Memasukan data supplier', 1251347130, 2, ''),
(841, 'Memasukan data supplier', 1251347144, 2, ''),
(842, 'Memasukan data supplier', 1251347155, 2, ''),
(843, 'Memasukan data supplier', 1251347163, 2, ''),
(844, 'Memasukan data supplier', 1251347170, 2, ''),
(845, 'Memasukan data supplier', 1251347179, 2, ''),
(846, 'Memasukan data supplier', 1251347190, 2, ''),
(847, 'Memasukan data supplier', 1251347202, 2, ''),
(848, 'Memasukan data supplier', 1251347213, 2, ''),
(849, 'Memasukan data supplier', 1251347238, 2, ''),
(850, 'Memasukan data supplier', 1251347248, 2, ''),
(851, 'Memasukan data supplier', 1251347260, 2, ''),
(852, 'Memasukan data supplier', 1251347274, 2, ''),
(853, 'Memasukan data supplier', 1251347285, 2, ''),
(854, 'Memasukan data supplier', 1251347301, 2, ''),
(855, 'Memasukan data supplier', 1251347311, 2, ''),
(856, 'Memasukan data supplier', 1251347320, 2, ''),
(857, 'Memasukan data supplier', 1251347336, 2, ''),
(858, 'Memasukan data supplier', 1251347351, 2, ''),
(859, 'Memasukan data supplier', 1251347364, 2, ''),
(860, 'Memasukan data supplier', 1251347381, 2, ''),
(861, 'Memasukan data supplier', 1251347388, 2, ''),
(862, 'Memasukan data supplier', 1251347401, 2, ''),
(863, 'Memasukan data supplier', 1251347424, 2, ''),
(864, 'Memasukan data supplier', 1251347437, 2, ''),
(865, 'Memasukan data supplier', 1251347451, 2, ''),
(866, 'Memasukan data supplier', 1251347478, 2, ''),
(867, 'Memasukan data supplier', 1251347491, 2, ''),
(868, 'Memasukan data supplier', 1251347505, 2, ''),
(869, 'Memasukan data supplier', 1251347517, 2, ''),
(870, 'Memasukan data supplier', 1251347532, 2, ''),
(871, 'Memasukan data supplier', 1251347542, 2, ''),
(872, 'Memasukan data supplier', 1251347549, 2, ''),
(873, 'Memasukan data supplier', 1251347557, 2, ''),
(874, 'Memasukan data supplier', 1251347576, 2, ''),
(875, 'Memasukan data supplier', 1251347586, 2, ''),
(876, 'Memasukan data supplier', 1251347637, 2, ''),
(877, 'Memasukan data supplier', 1251347651, 2, ''),
(878, 'Memasukan data supplier', 1251347662, 2, ''),
(879, 'Memasukan data supplier', 1251347695, 2, ''),
(880, 'Memasukan data supplier', 1251347703, 2, ''),
(881, 'Memasukan data supplier', 1251347711, 2, ''),
(882, 'Memasukan data supplier', 1251347724, 2, ''),
(883, 'Memasukan data supplier', 1251348240, 2, ''),
(884, 'Memasukan data supplier', 1251348249, 2, ''),
(885, 'Memasukan data supplier', 1251348260, 2, ''),
(886, 'Memasukan data supplier', 1251348273, 2, ''),
(887, 'Memasukan data supplier', 1251348288, 2, ''),
(888, 'Memasukan data supplier', 1251348301, 2, ''),
(889, 'Memasukan data supplier', 1251348311, 2, ''),
(890, 'Memasukan data supplier', 1251348324, 2, ''),
(891, 'Memasukan data supplier', 1251348337, 2, ''),
(892, 'Memasukan data supplier', 1251348347, 2, ''),
(893, 'Memasukan data supplier', 1251348364, 2, ''),
(894, 'Memasukan data supplier', 1251348381, 2, ''),
(895, 'Memasukan data supplier', 1251348395, 2, ''),
(896, 'Memasukan data supplier', 1251348409, 2, ''),
(897, 'Memasukan data supplier', 1251348431, 2, ''),
(898, 'Memasukan data supplier', 1251348447, 2, ''),
(899, 'Memasukan data supplier', 1251348462, 2, ''),
(900, 'Memasukan data supplier', 1251348474, 2, ''),
(901, 'Memasukan data supplier', 1251348487, 2, ''),
(902, 'Memasukan data supplier', 1251348498, 2, ''),
(903, 'Memasukan data supplier', 1251348506, 2, ''),
(904, 'Memasukan data supplier', 1251348517, 2, ''),
(905, 'Memasukan data supplier', 1251348530, 2, ''),
(906, 'Memasukan data supplier', 1251348542, 2, ''),
(907, 'Memasukan data supplier', 1251348551, 2, ''),
(908, 'Memasukan data supplier', 1251348566, 2, ''),
(909, 'Memasukan data supplier', 1251348580, 2, ''),
(910, 'Memasukan data supplier', 1251348589, 2, ''),
(911, 'Memasukan data supplier', 1251348601, 2, ''),
(912, 'Memasukan data supplier', 1251348635, 2, ''),
(913, 'Memasukan data supplier', 1251348656, 2, ''),
(914, 'Memasukan data supplier', 1251348668, 2, ''),
(915, 'Memasukan data supplier', 1251348683, 2, ''),
(916, 'Memasukan data supplier', 1251348693, 2, ''),
(917, 'Memasukan data supplier', 1251348708, 2, ''),
(918, 'Memasukan data supplier', 1251348719, 2, ''),
(919, 'Memasukan data supplier', 1251348729, 2, ''),
(920, 'Memasukan data supplier', 1251348739, 2, ''),
(921, 'Memasukan data supplier', 1251348750, 2, ''),
(922, 'Memasukan data supplier', 1251348769, 2, ''),
(923, 'Memasukan data supplier', 1251348790, 2, ''),
(924, 'Memasukan data supplier', 1251348800, 2, ''),
(925, 'Memasukan data supplier', 1251348843, 2, ''),
(926, 'Memasukan data supplier', 1251348860, 2, ''),
(927, 'Memasukan data supplier', 1251348866, 2, ''),
(928, 'Memasukan data supplier', 1251348872, 2, ''),
(929, 'Memasukan data supplier', 1251348881, 2, ''),
(930, 'Memasukan data supplier', 1251348894, 2, ''),
(931, 'Memasukan data supplier', 1251348913, 2, ''),
(932, 'Memasukan data supplier', 1251348928, 2, ''),
(933, 'Memasukan data supplier', 1251348944, 2, ''),
(934, 'Memasukan data supplier', 1251348957, 2, ''),
(935, 'Memasukan data supplier', 1251348971, 2, ''),
(936, 'Memasukan data supplier', 1251348982, 2, ''),
(937, 'Memasukan data supplier', 1251348995, 2, ''),
(938, 'Memasukan data supplier', 1251349004, 2, ''),
(939, 'Memasukan data supplier', 1251349012, 2, ''),
(940, 'Memasukan data supplier', 1251349027, 2, ''),
(941, 'Memasukan data supplier', 1251349035, 2, ''),
(942, 'Memasukan data supplier', 1251349042, 2, ''),
(943, 'Memasukan data supplier', 1251349057, 2, ''),
(944, 'Memasukan data supplier', 1251349069, 2, ''),
(945, 'Memasukan data supplier', 1251349081, 2, ''),
(946, 'Memasukan data supplier', 1251349089, 2, ''),
(947, 'Memasukan data supplier', 1251349099, 2, ''),
(948, 'Memasukan data supplier', 1251349117, 2, ''),
(949, 'Memasukan data supplier', 1251349128, 2, ''),
(950, 'Memasukan data supplier', 1251349137, 2, ''),
(951, 'Memasukan data supplier', 1251349152, 2, ''),
(952, 'Memasukan data supplier', 1251349162, 2, ''),
(953, 'Memasukan data supplier', 1251349172, 2, ''),
(954, 'Memasukan data supplier', 1251349180, 2, ''),
(955, 'Memasukan data supplier', 1251349191, 2, ''),
(956, 'Memasukan data supplier', 1251349200, 2, ''),
(957, 'Memasukan data supplier', 1251349211, 2, ''),
(958, 'Memasukan data supplier', 1251349218, 2, ''),
(959, 'Memasukan data supplier', 1251349226, 2, ''),
(960, 'Memasukan data supplier', 1251349233, 2, ''),
(961, 'Memasukan data supplier', 1251349270, 2, ''),
(962, 'Memasukan data supplier', 1251349278, 2, ''),
(963, 'Memasukan data supplier', 1251349284, 2, ''),
(964, 'Memasukan data supplier', 1251349305, 2, ''),
(965, 'Memasukan data supplier', 1251349315, 2, ''),
(966, 'Memasukan data supplier', 1251349329, 2, ''),
(967, 'Memasukan data supplier', 1251349340, 2, ''),
(968, 'Memasukan data supplier', 1251349351, 2, ''),
(969, 'Memasukan data supplier', 1251349363, 2, ''),
(970, 'Memasukan data supplier', 1251349374, 2, '');
INSERT INTO `log_transaksi` (`log_id`, `trans_name`, `log_time`, `p_id`, `keterangan`) VALUES
(971, 'Memasukan data supplier', 1251349383, 2, ''),
(972, 'Memasukan data supplier', 1251349405, 2, ''),
(973, 'Memasukan data supplier', 1251349415, 2, ''),
(974, 'Memasukan data supplier', 1251349426, 2, ''),
(975, 'Memasukan data supplier', 1251349445, 2, ''),
(976, 'Memasukan data supplier', 1251349463, 2, ''),
(977, 'Memasukan data supplier', 1251349475, 2, ''),
(978, 'Memasukan data supplier', 1251349484, 2, ''),
(979, 'Memasukan data supplier', 1251349494, 2, ''),
(980, 'Memasukan data supplier', 1251349511, 2, ''),
(981, 'Memasukan data supplier', 1251349522, 2, ''),
(982, 'Memasukan data supplier', 1251349536, 2, ''),
(983, 'Memasukan data supplier', 1251349547, 2, ''),
(984, 'Memasukan data supplier', 1251349560, 2, ''),
(985, 'Memasukan data supplier', 1251349569, 2, ''),
(986, 'Memasukan data supplier', 1251349583, 2, ''),
(987, 'Memasukan data supplier', 1251349596, 2, ''),
(988, 'Memasukan data supplier', 1251349605, 2, ''),
(989, 'Memasukan data supplier', 1251349618, 2, ''),
(990, 'Memasukan data supplier', 1251349629, 2, ''),
(991, 'Memasukan data supplier', 1251349646, 2, ''),
(992, 'Memasukan data supplier', 1251349661, 2, ''),
(993, 'Memasukan data supplier', 1251349672, 2, ''),
(994, 'Memasukan data supplier', 1251349693, 2, ''),
(995, 'Menandai table item_distribution untuk item yang udah diprint labelnya. Kode toko : 16', 1251359419, 1, ''),
(997, 'Memasukkan data mutasi keluar untuk kode toko : 0 kode item: 12345002', 1251359979, 1, ''),
(998, 'Memasukkan data mutasi keluar untuk kode toko : 11 kode item: 12345002', 1251359979, 1, ''),
(999, 'Memasukkan data mutasi keluar untuk kode toko : 12 kode item: 12345002', 1251359979, 1, ''),
(1000, 'Memasukkan data mutasi keluar untuk kode toko : 13 kode item: 12345002', 1251359979, 1, ''),
(1001, 'Memasukkan data mutasi keluar untuk kode toko : 14 kode item: 12345002', 1251359979, 1, ''),
(1002, 'Memasukkan data mutasi keluar untuk kode toko : 15 kode item: 12345002', 1251359979, 1, ''),
(1003, 'Memasukkan data mutasi keluar untuk kode toko : 16 kode item: 12345002', 1251359979, 1, ''),
(1004, 'Memasukkan data mutasi keluar untuk kode toko : 17 kode item: 12345002', 1251359979, 1, ''),
(1005, 'Memasukkan data mutasi keluar untuk kode toko : 18 kode item: 12345002', 1251359979, 1, ''),
(1006, 'Memasukkan data mutasi keluar untuk kode toko : 19 kode item: 12345002', 1251359979, 1, ''),
(1007, 'Memasukkan data mutasi keluar untuk kode toko : 20 kode item: 12345002', 1251359979, 1, ''),
(1008, 'Memasukkan data mutasi keluar untuk kode toko : 21 kode item: 12345002', 1251359979, 1, ''),
(1009, 'Memasukkan data mutasi keluar untuk kode toko : 27 kode item: 12345002', 1251359979, 1, ''),
(1010, 'Menandai table item_distribution untuk item yang udah diprint labelnya. Kode toko : 0', 1251360416, 1, ''),
(1011, 'Memasukkan data mutasi keluar untuk kode toko : 0 kode item: 12346002', 1251360466, 1, ''),
(1012, 'Menandai table item_distribution untuk item yang udah diprint labelnya. Kode toko : 0', 1251360496, 1, ''),
(1013, 'Memasukkan data mutasi keluar untuk kode toko : 0 kode item: 12346002', 1251362746, 1, ''),
(1014, 'Memasukkan data mutasi keluar untuk kode toko : 11 kode item: 12346002', 1251362746, 1, ''),
(1015, 'Memasukkan data mutasi keluar untuk kode toko : 12 kode item: 12346002', 1251362746, 1, ''),
(1016, 'Memasukkan data mutasi keluar untuk kode toko : 13 kode item: 12346002', 1251362746, 1, ''),
(1017, 'Memasukkan data mutasi keluar untuk kode toko : 14 kode item: 12346002', 1251362746, 1, ''),
(1018, 'Memasukkan data mutasi keluar untuk kode toko : 15 kode item: 12346002', 1251362746, 1, ''),
(1019, 'Memasukkan data mutasi keluar untuk kode toko : 16 kode item: 12346002', 1251362746, 1, ''),
(1020, 'Memasukkan data mutasi keluar untuk kode toko : 17 kode item: 12346002', 1251362746, 1, ''),
(1021, 'Memasukkan data mutasi keluar untuk kode toko : 18 kode item: 12346002', 1251362746, 1, ''),
(1022, 'Memasukkan data mutasi keluar untuk kode toko : 19 kode item: 12346002', 1251362746, 1, ''),
(1023, 'Memasukkan data mutasi keluar untuk kode toko : 20 kode item: 12346002', 1251362746, 1, ''),
(1024, 'Memasukkan data mutasi keluar untuk kode toko : 21 kode item: 12346002', 1251362746, 1, ''),
(1025, 'Memasukkan data mutasi keluar untuk kode toko : 27 kode item: 12346002', 1251362746, 1, ''),
(1026, 'Memasukkan data mutasi keluar untuk kode toko : 0 kode item: 12345002', 1251362799, 1, ''),
(1027, 'Menandai table item_distribution untuk item yang udah diprint labelnya. Kode toko : 0', 1251362820, 1, ''),
(1028, 'Menandai table item_distribution untuk item yang udah diprint labelnya. Kode toko : 11', 1251368595, 1, ''),
(1029, 'memasukkan data mutasi masuk item 12345003', 1251387898, 1, ''),
(1030, 'memasukkan data mutasi masuk item 11456001', 1251387898, 1, ''),
(1031, 'memasukkan data mutasi masuk item 13679001', 1251387898, 1, ''),
(1032, 'Memasukkan data mutasi keluar untuk kode toko : 0 kode item: 12345003', 1251387979, 1, ''),
(1033, 'Memasukkan data mutasi keluar untuk kode toko : 0 kode item: 13679001', 1251387979, 1, ''),
(1034, 'Memasukkan data mutasi keluar untuk kode toko : 0 kode item: 11456001', 1251387979, 1, ''),
(1035, 'Memasukkan data mutasi keluar untuk kode toko : 0 kode item: 12345002', 1251388027, 1, ''),
(1036, 'Memasukkan data mutasi keluar untuk kode toko : 0 kode item: 12346002', 1251388027, 1, ''),
(1037, 'Menandai table item_distribution untuk item yang udah diprint labelnya. Kode toko : 0', 1251388041, 1, ''),
(1038, 'memasukkan data mutasi masuk item 11111001', 1251391632, 1, ''),
(1039, 'memasukkan data mutasi masuk item 21234001', 1251391632, 1, ''),
(1040, 'memasukkan data mutasi masuk item 12342001', 1251391632, 1, ''),
(1041, 'Memasukkan data mutasi keluar untuk kode toko : 0 kode item: 11111001', 1251391832, 1, ''),
(1042, 'Memasukkan data mutasi keluar untuk kode toko : 0 kode item: 11456001', 1251391832, 1, ''),
(1043, 'Memasukkan data mutasi keluar untuk kode toko : 0 kode item: 12345002', 1251391832, 1, ''),
(1044, 'Memasukkan data mutasi keluar untuk kode toko : 0 kode item: 12346002', 1251391832, 1, ''),
(1045, 'Memasukkan data mutasi keluar untuk kode toko : 0 kode item: 21234001', 1251391832, 1, ''),
(1046, 'Memasukkan data mutasi keluar untuk kode toko : 0 kode item: 13679001', 1251391832, 1, ''),
(1047, 'Menandai table item_distribution untuk item yang udah diprint labelnya. Kode toko : 0', 1251391885, 1, ''),
(1048, 'memasukkan data mutasi masuk item 21657001', 1251392142, 1, ''),
(1049, 'memasukkan data mutasi masuk item 21655001', 1251392142, 1, ''),
(1050, 'memasukkan data mutasi masuk item 34216001', 1251392142, 1, ''),
(1051, 'memasukkan data mutasi masuk item 32429001', 1251392142, 1, ''),
(1052, 'memasukkan data mutasi masuk item 59329001', 1251392142, 1, ''),
(1053, 'Memasukkan data mutasi keluar untuk kode toko : 0 kode item: 11111001', 1251392419, 1, ''),
(1054, 'Memasukkan data mutasi keluar untuk kode toko : 0 kode item: 11456001', 1251392419, 1, ''),
(1055, 'Memasukkan data mutasi keluar untuk kode toko : 0 kode item: 12342001', 1251392419, 1, ''),
(1056, 'Memasukkan data mutasi keluar untuk kode toko : 0 kode item: 12345002', 1251392419, 1, ''),
(1057, 'Memasukkan data mutasi keluar untuk kode toko : 0 kode item: 12345003', 1251392419, 1, ''),
(1058, 'Memasukkan data mutasi keluar untuk kode toko : 0 kode item: 13679001', 1251392419, 1, ''),
(1059, 'Memasukkan data mutasi keluar untuk kode toko : 0 kode item: 21657001', 1251392419, 1, ''),
(1060, 'Memasukkan data mutasi keluar untuk kode toko : 0 kode item: 21655001', 1251392419, 1, ''),
(1061, 'Memasukkan data mutasi keluar untuk kode toko : 0 kode item: 21234001', 1251392419, 1, ''),
(1062, 'Memasukkan data mutasi keluar untuk kode toko : 0 kode item: 59329001', 1251392419, 1, ''),
(1063, 'Memasukkan data mutasi keluar untuk kode toko : 0 kode item: 34216001', 1251392419, 1, ''),
(1064, 'Menandai table item_distribution untuk item yang udah diprint labelnya. Kode toko : 0', 1251392439, 1, ''),
(1065, 'Memasukkan data mutasi keluar untuk kode toko : 0 kode item: 11111001', 1251393276, 1, ''),
(1066, 'Memasukkan data mutasi keluar untuk kode toko : 16 kode item: 11111001', 1251393276, 1, ''),
(1067, 'Memasukkan data mutasi keluar untuk kode toko : 11 kode item: 12345002', 1251393276, 1, ''),
(1068, 'Memasukkan data mutasi keluar untuk kode toko : 13 kode item: 12345002', 1251393276, 1, ''),
(1069, 'Memasukkan data mutasi keluar untuk kode toko : 19 kode item: 12345002', 1251393276, 1, ''),
(1070, 'Menandai table item_distribution untuk item yang udah diprint labelnya. Kode toko : 11', 1251393298, 1, ''),
(1071, 'Menandai table item_distribution untuk item yang udah diprint labelnya. Kode toko : 0', 1251394731, 1, ''),
(1072, 'Menandai table item_distribution untuk item yang udah diprint labelnya. Kode toko : 0', 1251394779, 1, ''),
(1073, 'Menandai table item_distribution untuk item yang udah diprint labelnya. Kode toko : 0', 1251395211, 1, ''),
(1074, 'Menandai table item_distribution untuk item yang udah diprint labelnya. Kode toko : 14', 1251395232, 1, ''),
(1075, 'Menandai table item_distribution untuk item yang udah diprint labelnya. Kode toko : 19', 1251395541, 1, ''),
(1076, 'Memasukkan data mutasi keluar untuk kode toko : 0 kode item: 11111001', 1251395779, 1, ''),
(1077, 'Menandai table item_distribution untuk item yang udah diprint labelnya. Kode toko : 0', 1251395836, 1, ''),
(1078, 'Memasukkan data mutasi keluar untuk kode toko : 0 kode item: 12345002', 1251396254, 1, ''),
(1079, 'Menandai table item_distribution untuk item yang udah diprint labelnya. Kode toko : 0', 1251396274, 1, ''),
(1080, 'Memasukkan data mutasi keluar untuk kode toko : 0 kode item: 11111001', 1251397037, 1, ''),
(1081, 'Memasukkan data mutasi keluar untuk kode toko : 0 kode item: 11456001', 1251397037, 1, ''),
(1082, 'Memasukkan data mutasi keluar untuk kode toko : 0 kode item: 12342001', 1251397037, 1, ''),
(1083, 'Memasukkan data mutasi keluar untuk kode toko : 0 kode item: 12345003', 1251397037, 1, ''),
(1084, 'Memasukkan data mutasi keluar untuk kode toko : 0 kode item: 21657001', 1251397037, 1, ''),
(1085, 'Memasukkan data mutasi keluar untuk kode toko : 0 kode item: 59329001', 1251397738, 1, ''),
(1086, 'Memasukkan data mutasi keluar untuk kode toko : 0 kode item: 34216001', 1251397738, 1, ''),
(1087, 'Memasukkan data mutasi keluar untuk kode toko : 0 kode item: 21657001', 1251397738, 1, ''),
(1088, 'Memasukkan data mutasi keluar untuk kode toko : 0 kode item: 21655001', 1251397738, 1, ''),
(1089, 'Memasukkan data mutasi keluar untuk kode toko : 0 kode item: 21234001', 1251397738, 1, ''),
(1090, 'Memasukkan data mutasi keluar untuk kode toko : 0 kode item: 11111001', 1251397738, 1, ''),
(1091, 'Memasukkan data mutasi keluar untuk kode toko : 0 kode item: 12347001', 1251397738, 1, ''),
(1092, 'Memasukkan data mutasi keluar untuk kode toko : 0 kode item: 11456001', 1251397738, 1, ''),
(1093, 'Memasukkan data mutasi keluar untuk kode toko : 0 kode item: 12344002', 1251397738, 1, ''),
(1094, 'Memasukkan data mutasi keluar untuk kode toko : 0 kode item: 12344002', 1251397738, 1, ''),
(1095, 'Memasukkan data mutasi keluar untuk kode toko : 0 kode item: 12345002', 1251397738, 1, ''),
(1096, 'Memasukkan data mutasi keluar untuk kode toko : 0 kode item: 12345003', 1251397738, 1, ''),
(1097, 'Memasukkan data mutasi keluar untuk kode toko : 0 kode item: 12346002', 1251397738, 1, ''),
(1098, 'Memasukkan data mutasi keluar untuk kode toko : 0 kode item: 12347001', 1251397738, 1, ''),
(1099, 'Memasukkan data mutasi keluar untuk kode toko : 0 kode item: 32429001', 1251397738, 1, ''),
(1100, 'Menandai table item_distribution untuk item yang udah diprint labelnya. Kode toko : 0', 1251397794, 1, ''),
(1101, 'memasukkan data mutasi masuk item 15980001', 1251429214, 2, ''),
(1102, 'memasukkan data mutasi masuk item 13659001', 1251429264, 2, ''),
(1103, 'memasukkan data mutasi masuk item 13678001', 1251429264, 2, ''),
(1104, 'Menambah kelompok barang', 1251429545, 2, ''),
(1105, 'memasukkan data mutasi masuk item 72380019', 1251429642, 2, ''),
(1106, 'memasukkan data mutasi masuk item 72380020', 1251429642, 2, ''),
(1107, 'memasukkan data mutasi masuk item 72278004', 1251429642, 2, ''),
(1108, 'Memasukan data supplier', 1251433065, 2, ''),
(1109, 'Memasukan data supplier', 1251433086, 2, ''),
(1110, 'Memasukan data supplier', 1251433101, 2, ''),
(1111, 'Memasukan data supplier', 1251433115, 2, ''),
(1112, 'Memasukan data supplier', 1251433132, 2, ''),
(1113, 'Memasukan data supplier', 1251433159, 2, ''),
(1114, 'Memasukan data supplier', 1251433175, 2, ''),
(1115, 'Memasukan data supplier', 1251433190, 2, ''),
(1116, 'Memasukan data supplier', 1251433212, 2, ''),
(1117, 'Memasukan data supplier', 1251433227, 2, ''),
(1118, 'Memasukan data supplier', 1251433247, 2, ''),
(1119, 'Memasukan data supplier', 1251433265, 2, ''),
(1120, 'Memasukan data supplier', 1251433284, 2, ''),
(1121, 'Memasukan data supplier', 1251433300, 2, ''),
(1122, 'Memasukan data supplier', 1251433316, 2, ''),
(1123, 'Memasukan data supplier', 1251433332, 2, ''),
(1124, 'Memasukan data supplier', 1251433346, 2, ''),
(1125, 'Memasukan data supplier', 1251433362, 2, ''),
(1126, 'Memasukan data supplier', 1251433377, 2, ''),
(1127, 'Memasukan data supplier', 1251433393, 2, ''),
(1128, 'Memasukan data supplier', 1251433410, 2, ''),
(1129, 'Memasukan data supplier', 1251433425, 2, ''),
(1130, 'Memasukan data supplier', 1251433440, 2, ''),
(1131, 'Memasukan data supplier', 1251433457, 2, ''),
(1132, 'Memasukan data supplier', 1251433470, 2, ''),
(1133, 'Memasukan data supplier', 1251433485, 2, ''),
(1134, 'Memasukan data supplier', 1251433501, 2, ''),
(1135, 'Memasukan data supplier', 1251433516, 2, ''),
(1136, 'Memasukan data supplier', 1251433530, 2, ''),
(1137, 'Memasukan data supplier', 1251433543, 2, ''),
(1138, 'Memasukan data supplier', 1251433573, 2, ''),
(1139, 'Memasukan data supplier', 1251433589, 2, ''),
(1140, 'Memasukan data supplier', 1251433607, 2, ''),
(1141, 'Memasukan data supplier', 1251433621, 2, ''),
(1142, 'Memasukan data supplier', 1251433636, 2, ''),
(1143, 'Memasukan data supplier', 1251433651, 2, ''),
(1144, 'Memasukan data supplier', 1251433665, 2, ''),
(1145, 'Memasukan data supplier', 1251433683, 2, ''),
(1146, 'Memasukan data supplier', 1251433694, 2, ''),
(1147, 'Memasukan data supplier', 1251433709, 2, ''),
(1148, 'Memasukan data supplier', 1251433726, 2, ''),
(1149, 'Memasukan data supplier', 1251433744, 2, ''),
(1150, 'Memasukan data supplier', 1251433759, 2, ''),
(1151, 'Memasukan data supplier', 1251433775, 2, ''),
(1152, 'memasukkan data mutasi masuk item 12345001', 1251433798, 2, ''),
(1153, 'Memasukkan data mutasi keluar untuk kode toko : 11 kode item: 12345001', 1251434325, 2, ''),
(1154, 'Memasukkan data mutasi keluar untuk kode toko : 11 kode item: 12345001', 1251434383, 2, ''),
(1155, 'Memasukan data supplier', 1251434675, 2, ''),
(1156, 'Menandai table item_distribution untuk item yang udah diprint labelnya. Kode toko : 11', 1251434696, 2, ''),
(1157, 'Memasukkan data mutasi keluar untuk kode toko : 0 kode item: 12345001', 1251434857, 2, ''),
(1158, 'Menandai table item_distribution untuk item yang udah diprint labelnya. Kode toko : 0', 1251434867, 2, ''),
(1159, 'memasukkan data mutasi masuk item 12345002', 1251434890, 2, ''),
(1160, 'Memasukkan data mutasi keluar untuk kode toko : 0 kode item: 12345002', 1251434911, 2, ''),
(1161, 'Menandai table item_distribution untuk item yang udah diprint labelnya. Kode toko : 0', 1251434916, 2, ''),
(1162, 'Menandai table item_distribution untuk item yang udah diprint labelnya. Kode toko : 0', 1251435683, 2, ''),
(1163, 'Memasukan data supplier', 1251443590, 2, ''),
(1164, 'Memasukan data supplier', 1251443696, 2, ''),
(1165, 'Memasukan data supplier', 1251443711, 2, ''),
(1166, 'Memasukan data supplier', 1251443726, 2, ''),
(1167, 'Memasukan data supplier', 1251443749, 2, ''),
(1168, 'Memasukan data supplier', 1251443762, 2, ''),
(1169, 'Memasukan data supplier', 1251443777, 2, ''),
(1170, 'Memasukan data supplier', 1251443812, 2, ''),
(1171, 'Memasukan data supplier', 1251443824, 2, ''),
(1172, 'Memasukan data supplier', 1251443845, 2, ''),
(1173, 'Memasukan data supplier', 1251443859, 2, ''),
(1174, 'Memasukan data supplier', 1251443873, 2, ''),
(1175, 'Memasukan data supplier', 1251443906, 2, ''),
(1176, 'Memasukan data supplier', 1251443934, 2, ''),
(1177, 'Memasukan data supplier', 1251443948, 2, ''),
(1178, 'Memasukan data supplier', 1251443963, 2, ''),
(1179, 'Memasukan data supplier', 1251443977, 2, ''),
(1180, 'Memasukan data supplier', 1251443989, 2, ''),
(1181, 'Memasukan data supplier', 1251444033, 2, ''),
(1182, 'Memasukan data supplier', 1251444050, 2, ''),
(1183, 'Memasukan data supplier', 1251444065, 2, ''),
(1184, 'Memasukan data supplier', 1251444078, 2, ''),
(1185, 'Memasukan data supplier', 1251444092, 2, ''),
(1186, 'Memasukan data supplier', 1251444110, 2, ''),
(1187, 'Memasukan data supplier', 1251444123, 2, ''),
(1188, 'Memasukan data supplier', 1251444138, 2, ''),
(1189, 'Memasukan data supplier', 1251444152, 2, ''),
(1190, 'Memasukan data supplier', 1251444165, 2, ''),
(1191, 'Memasukan data supplier', 1251444178, 2, ''),
(1192, 'Memasukan data supplier', 1251444197, 2, ''),
(1193, 'Memasukan data supplier', 1251444211, 2, ''),
(1194, 'Memasukan data supplier', 1251444227, 2, ''),
(1195, 'Memasukan data supplier', 1251444244, 2, ''),
(1196, 'Memasukan data supplier', 1251444260, 2, ''),
(1197, 'Memasukan data supplier', 1251444276, 2, ''),
(1198, 'Memasukan data supplier', 1251444301, 2, ''),
(1199, 'Memasukan data supplier', 1251444316, 2, ''),
(1200, 'Memasukan data supplier', 1251444332, 2, ''),
(1201, 'Memasukan data supplier', 1251444348, 2, ''),
(1202, 'Memasukan data supplier', 1251444362, 2, ''),
(1203, 'Memasukan data supplier', 1251444379, 2, ''),
(1204, 'Memasukan data supplier', 1251444394, 2, ''),
(1205, 'Memasukan data supplier', 1251444410, 2, ''),
(1206, 'Memasukan data supplier', 1251444428, 2, ''),
(1207, 'Memasukan data supplier', 1251444442, 2, ''),
(1208, 'Memasukan data supplier', 1251444457, 2, ''),
(1209, 'Memasukan data supplier', 1251444471, 2, ''),
(1210, 'Memasukan data supplier', 1251444484, 2, ''),
(1211, 'Memasukan data supplier', 1251444498, 2, ''),
(1212, 'Memasukan data supplier', 1251444511, 2, ''),
(1213, 'Memasukan data supplier', 1251444525, 2, ''),
(1214, 'Memasukan data supplier', 1251444538, 2, ''),
(1215, 'Memasukan data supplier', 1251444554, 2, ''),
(1216, 'Memasukan data supplier', 1251444569, 2, ''),
(1217, 'Memasukan data supplier', 1251444584, 2, ''),
(1218, 'Memasukan data supplier', 1251444599, 2, ''),
(1219, 'Memasukan data supplier', 1251444613, 2, ''),
(1220, 'Memasukan data supplier', 1251444627, 2, ''),
(1221, 'Memasukan data supplier', 1251444642, 2, ''),
(1222, 'Memasukan data supplier', 1251444657, 2, ''),
(1223, 'Memasukan data supplier', 1251444679, 2, ''),
(1224, 'Memasukan data supplier', 1251444710, 2, ''),
(1225, 'Memasukan data supplier', 1251444734, 2, ''),
(1226, 'Memasukan data supplier', 1251444759, 2, ''),
(1227, 'Memasukan data supplier', 1251444774, 2, ''),
(1228, 'Memasukan data supplier', 1251444789, 2, ''),
(1229, 'Memasukan data supplier', 1251444803, 2, ''),
(1230, 'Memasukan data supplier', 1251444830, 2, ''),
(1231, 'Memasukan data supplier', 1251444869, 2, ''),
(1232, 'Memasukan data supplier', 1251444886, 2, ''),
(1233, 'Memasukan data supplier', 1251444916, 2, ''),
(1234, 'Memasukan data supplier', 1251444937, 2, ''),
(1235, 'Memasukan data supplier', 1251444957, 2, ''),
(1236, 'Memasukan data supplier', 1251444976, 2, ''),
(1237, 'Memasukan data supplier', 1251444994, 2, ''),
(1238, 'Memasukan data supplier', 1251445020, 2, ''),
(1239, 'Memasukan data supplier', 1251445034, 2, ''),
(1240, 'Memasukan data supplier', 1251445120, 2, ''),
(1241, 'Memasukan data supplier', 1251445140, 2, ''),
(1242, 'Memasukan data supplier', 1251445155, 2, ''),
(1243, 'Memasukan data supplier', 1251445180, 2, ''),
(1244, 'Memasukan data supplier', 1251445195, 2, ''),
(1245, 'Memasukan data supplier', 1251445276, 2, ''),
(1246, 'Memasukan data supplier', 1251445291, 2, ''),
(1247, 'Memasukan data supplier', 1251445308, 2, ''),
(1248, 'Memasukan data supplier', 1251445328, 2, ''),
(1249, 'Memasukan data supplier', 1251445347, 2, ''),
(1250, 'Memasukan data supplier', 1251445361, 2, ''),
(1251, 'Memasukan data supplier', 1251445395, 2, ''),
(1252, 'Memasukan data supplier', 1251445413, 2, ''),
(1253, 'Memasukan data supplier', 1251445428, 2, ''),
(1254, 'Memasukan data supplier', 1251445441, 2, ''),
(1255, 'Memasukan data supplier', 1251445457, 2, ''),
(1256, 'Memasukan data supplier', 1251445471, 2, ''),
(1257, 'Memasukan data supplier', 1251445488, 2, ''),
(1258, 'Memasukan data supplier', 1251445503, 2, ''),
(1259, 'Memasukan data supplier', 1251445519, 2, ''),
(1260, 'Memasukan data supplier', 1251445533, 2, ''),
(1261, 'Memasukan data supplier', 1251445555, 2, ''),
(1262, 'Memasukan data supplier', 1251445573, 2, ''),
(1263, 'Memasukan data supplier', 1251445588, 2, ''),
(1264, 'Memasukan data supplier', 1251445602, 2, ''),
(1265, 'Memasukan data supplier', 1251445616, 2, ''),
(1266, 'Memasukan data supplier', 1251445633, 2, ''),
(1267, 'Memasukan data supplier', 1251445648, 2, ''),
(1268, 'Memasukan data supplier', 1251445661, 2, ''),
(1269, 'Memasukan data supplier', 1251445676, 2, ''),
(1270, 'Memasukan data supplier', 1251445693, 2, ''),
(1271, 'Memasukan data supplier', 1251445708, 2, ''),
(1272, 'Memasukan data supplier', 1251445722, 2, ''),
(1273, 'Memasukan data supplier', 1251445737, 2, ''),
(1274, 'Memasukan data supplier', 1251445751, 2, ''),
(1275, 'Memasukan data supplier', 1251445770, 2, ''),
(1276, 'Memasukan data supplier', 1251445783, 2, ''),
(1277, 'Memasukan data supplier', 1251445797, 2, ''),
(1278, 'Memasukan data supplier', 1251445812, 2, ''),
(1279, 'Memasukan data supplier', 1251445838, 2, ''),
(1280, 'Memasukan data supplier', 1251445927, 2, ''),
(1281, 'Memasukan data supplier', 1251445943, 2, ''),
(1282, 'Memasukan data supplier', 1251445959, 2, ''),
(1283, 'Memasukan data supplier', 1251445973, 2, ''),
(1284, 'Memasukan data supplier', 1251445990, 2, ''),
(1285, 'Memasukan data supplier', 1251446005, 2, ''),
(1286, 'Memasukan data supplier', 1251446019, 2, ''),
(1287, 'Memasukan data supplier', 1251446035, 2, ''),
(1288, 'Memasukan data supplier', 1251446051, 2, ''),
(1289, 'Memasukan data supplier', 1251446068, 2, ''),
(1290, 'Memasukan data supplier', 1251446083, 2, ''),
(1291, 'Memasukan data supplier', 1251446105, 2, ''),
(1292, 'Memasukan data supplier', 1251446120, 2, ''),
(1293, 'Memasukan data supplier', 1251446136, 2, ''),
(1294, 'Memasukan data supplier', 1251446152, 2, ''),
(1295, 'Memasukan data supplier', 1251446168, 2, ''),
(1296, 'Memasukan data supplier', 1251446184, 2, ''),
(1297, 'Memasukan data supplier', 1251446221, 2, ''),
(1298, 'Memasukan data supplier', 1251446242, 2, ''),
(1299, 'Memasukan data supplier', 1251446260, 2, ''),
(1300, 'Memasukan data supplier', 1251446275, 2, ''),
(1301, 'Memasukan data supplier', 1251446291, 2, ''),
(1302, 'Memasukan data supplier', 1251446308, 2, ''),
(1303, 'Memasukan data supplier', 1251446324, 2, ''),
(1304, 'Memasukan data supplier', 1251446337, 2, ''),
(1305, 'Memasukan data supplier', 1251446382, 2, ''),
(1306, 'Memasukan data supplier', 1251446397, 2, ''),
(1307, 'Memasukan data supplier', 1251446411, 2, ''),
(1308, 'Memasukan data supplier', 1251446423, 2, ''),
(1309, 'Memasukan data supplier', 1251446435, 2, ''),
(1310, 'Memasukan data supplier', 1251446459, 2, ''),
(1311, 'Memasukan data supplier', 1251446479, 2, ''),
(1312, 'Memasukan data supplier', 1251446494, 2, ''),
(1313, 'Memasukan data supplier', 1251446508, 2, ''),
(1314, 'Memasukan data supplier', 1251446525, 2, ''),
(1315, 'Memasukan data supplier', 1251446540, 2, ''),
(1316, 'Memasukan data supplier', 1251446556, 2, ''),
(1317, 'Memasukan data supplier', 1251446571, 2, ''),
(1318, 'Memasukan data supplier', 1251446634, 2, ''),
(1319, 'Memasukan data supplier', 1251446774, 2, ''),
(1320, 'Memasukan data supplier', 1251446789, 2, ''),
(1321, 'Memasukan data supplier', 1251446817, 2, ''),
(1322, 'Memasukan data supplier', 1251446834, 2, ''),
(1323, 'Memasukan data supplier', 1251446849, 2, ''),
(1324, 'Memasukan data supplier', 1251446864, 2, ''),
(1325, 'Memasukan data supplier', 1251446877, 2, ''),
(1326, 'Memasukan data supplier', 1251446916, 2, ''),
(1327, 'Memasukan data supplier', 1251446935, 2, ''),
(1328, 'Memasukan data supplier', 1251446959, 2, ''),
(1329, 'Memasukan data supplier', 1251446973, 2, ''),
(1330, 'Memasukan data supplier', 1251446990, 2, ''),
(1331, 'Memasukan data supplier', 1251447005, 2, ''),
(1332, 'Memasukan data supplier', 1251447047, 2, ''),
(1333, 'Memasukan data supplier', 1251447060, 2, ''),
(1334, 'Memasukan data supplier', 1251447072, 2, ''),
(1335, 'Memasukan data supplier', 1251447087, 2, ''),
(1336, 'Memasukan data supplier', 1251447101, 2, ''),
(1337, 'Memasukan data supplier', 1251447115, 2, ''),
(1338, 'Memasukan data supplier', 1251447126, 2, ''),
(1339, 'Memasukan data supplier', 1251447140, 2, ''),
(1340, 'Memasukan data supplier', 1251447156, 2, ''),
(1341, 'Memasukan data supplier', 1251447167, 2, ''),
(1342, 'Memasukan data supplier', 1251447181, 2, ''),
(1343, 'Memasukan data supplier', 1251447206, 2, ''),
(1344, 'Memasukan data supplier', 1251447222, 2, ''),
(1345, 'Memasukan data supplier', 1251447236, 2, ''),
(1346, 'Memasukan data supplier', 1251447251, 2, ''),
(1347, 'Memasukan data supplier', 1251447266, 2, ''),
(1348, 'Memasukan data supplier', 1251447279, 2, ''),
(1349, 'Memasukan data supplier', 1251447294, 2, ''),
(1350, 'Memasukan data supplier', 1251447307, 2, ''),
(1351, 'Memasukan data supplier', 1251447322, 2, ''),
(1352, 'Memasukan data supplier', 1251447336, 2, ''),
(1353, 'Memasukan data supplier', 1251447354, 2, ''),
(1354, 'Memasukan data supplier', 1251447374, 2, ''),
(1355, 'Memasukan data supplier', 1251447391, 2, ''),
(1356, 'Memasukan data supplier', 1251447405, 2, ''),
(1357, 'Memasukan data supplier', 1251447418, 2, ''),
(1358, 'Memasukan data supplier', 1251447438, 2, ''),
(1359, 'Memasukan data supplier', 1251447452, 2, ''),
(1360, 'Memasukan data supplier', 1251447464, 2, ''),
(1361, 'Memasukan data supplier', 1251447491, 2, ''),
(1362, 'Memasukan data supplier', 1251447509, 2, ''),
(1363, 'Memasukan data supplier', 1251447524, 2, ''),
(1364, 'Memasukan data supplier', 1251447539, 2, ''),
(1365, 'Memasukan data supplier', 1251447556, 2, ''),
(1366, 'Memasukan data supplier', 1251447570, 2, ''),
(1367, 'Memasukan data supplier', 1251447583, 2, ''),
(1368, 'Memasukan data supplier', 1251447601, 2, ''),
(1369, 'Memasukan data supplier', 1251447613, 2, ''),
(1370, 'Memasukan data supplier', 1251447627, 2, ''),
(1371, 'Memasukan data supplier', 1251447641, 2, ''),
(1372, 'Memasukan data supplier', 1251447655, 2, ''),
(1373, 'Memasukan data supplier', 1251447671, 2, ''),
(1374, 'Memasukan data supplier', 1251447685, 2, ''),
(1375, 'Memasukan data supplier', 1251447698, 2, ''),
(1376, 'Memasukan data supplier', 1251447710, 2, ''),
(1377, 'Memasukan data supplier', 1251447724, 2, ''),
(1378, 'Memasukan data supplier', 1251447737, 2, ''),
(1379, 'Memasukan data supplier', 1251447753, 2, ''),
(1380, 'Memasukan data supplier', 1251447764, 2, ''),
(1381, 'Memasukan data supplier', 1251447777, 2, ''),
(1382, 'Memasukan data supplier', 1251447788, 2, ''),
(1383, 'Memasukan data supplier', 1251447801, 2, ''),
(1384, 'Memasukan data supplier', 1251447814, 2, ''),
(1385, 'Memasukan data supplier', 1251447826, 2, ''),
(1386, 'Memasukan data supplier', 1251447837, 2, ''),
(1387, 'Memasukan data supplier', 1251447849, 2, ''),
(1388, 'Memasukan data supplier', 1251447865, 2, ''),
(1389, 'Memasukan data supplier', 1251447881, 2, ''),
(1390, 'Memasukan data supplier', 1251447895, 2, ''),
(1391, 'Memasukan data supplier', 1251447909, 2, ''),
(1392, 'Memasukan data supplier', 1251447923, 2, ''),
(1393, 'Memasukan data supplier', 1251447936, 2, ''),
(1394, 'Memasukan data supplier', 1251447950, 2, ''),
(1395, 'Memasukan data supplier', 1251447963, 2, ''),
(1396, 'Menandai table item_distribution untuk item yang udah diprint labelnya. Kode toko : ', 1251521202, 1, ''),
(1397, 'Menandai table item_distribution untuk item yang udah diprint labelnya. Kode toko : ', 1251521292, 1, ''),
(1398, 'memasukkan data mutasi masuk item 23456001', 1251521878, 1, ''),
(1399, 'memasukkan data mutasi masuk item 22123001', 1251521878, 1, ''),
(1400, 'memasukkan data mutasi masuk item 23456001', 1251522201, 1, ''),
(1401, 'Memasukkan data mutasi keluar untuk kode toko : 0 kode item: 12345001', 1251522307, 1, ''),
(1402, 'Memasukkan data mutasi keluar untuk kode toko : 11 kode item: 12345001', 1251522307, 1, ''),
(1403, 'Memasukkan data mutasi keluar untuk kode toko : 13 kode item: 12345001', 1251522307, 1, ''),
(1404, 'Memasukkan data mutasi keluar untuk kode toko : 14 kode item: 12345001', 1251522307, 1, ''),
(1405, 'Memasukkan data mutasi keluar untuk kode toko : 11 kode item: 12345002', 1251522307, 1, ''),
(1406, 'Memasukkan data mutasi keluar untuk kode toko : 11 kode item: 22123001', 1251522307, 1, ''),
(1407, 'Memasukkan data mutasi keluar untuk kode toko : 0 kode item: 23456001', 1251522307, 1, ''),
(1408, 'Memasukkan data mutasi keluar untuk kode toko : 11 kode item: 23456001', 1251522307, 1, ''),
(1409, 'Memasukkan data mutasi keluar untuk kode toko : 13 kode item: 23456001', 1251522307, 1, ''),
(1410, 'Menandai table item_distribution untuk item yang udah diprint labelnya. Kode toko : ', 1251522934, 1, ''),
(1411, 'Menandai table item_distribution untuk item yang udah diprint labelnya. Kode Item : 12345001', 1251523380, 1, ''),
(1412, 'Menandai table item_distribution untuk item yang udah diprint labelnya. Kode Item : 12345001', 1251523544, 1, ''),
(1413, 'memasukkan data mutasi masuk item 46577001', 1251523662, 1, ''),
(1414, 'Memasukkan data mutasi keluar untuk kode toko : 0 kode item: 46577001', 1251523699, 1, ''),
(1415, 'Memasukkan data mutasi keluar untuk kode toko : 11 kode item: 46577001', 1251523699, 1, ''),
(1416, 'Memasukkan data mutasi keluar untuk kode toko : 12 kode item: 46577001', 1251523699, 1, ''),
(1417, 'Memasukkan data mutasi keluar untuk kode toko : 13 kode item: 46577001', 1251523699, 1, ''),
(1418, 'memasukkan data mutasi masuk item 67555001', 1251523738, 1, ''),
(1419, 'memasukkan data mutasi masuk item 11111001', 1251523918, 1, ''),
(1420, 'Memasukkan data mutasi keluar untuk kode toko : 11 kode item: 67555001', 1251524337, 1, ''),
(1421, 'Memasukkan data mutasi keluar untuk kode toko : 12 kode item: 67555001', 1251524337, 1, ''),
(1422, 'Memasukkan data mutasi keluar untuk kode toko : 13 kode item: 67555001', 1251524337, 1, ''),
(1423, 'Menandai table item_distribution untuk item yang udah diprint labelnya. Kode Item : 46577001', 1251524619, 1, ''),
(1424, 'Menandai table item_distribution untuk item yang udah diprint labelnya. Kode Item : 46577001', 1251524654, 1, ''),
(1425, 'Memasukkan data mutasi keluar untuk kode toko : 00 kode item: 11111001', 1251567388, 1, ''),
(1426, 'Memasukkan data mutasi keluar untuk kode toko : 11 kode item: 11111001', 1251567388, 1, ''),
(1427, 'Memasukkan data mutasi keluar untuk kode toko : 12 kode item: 11111001', 1251567388, 1, ''),
(1428, 'Memasukkan data mutasi keluar untuk kode toko : 13 kode item: 11111001', 1251567388, 1, ''),
(1429, 'Memasukkan data mutasi keluar untuk kode toko : 14 kode item: 11111001', 1251567388, 1, ''),
(1430, 'Memasukkan data mutasi keluar untuk kode toko : 15 kode item: 11111001', 1251567388, 1, ''),
(1431, 'Memasukkan data mutasi keluar untuk kode toko : 16 kode item: 11111001', 1251567388, 1, ''),
(1432, 'Memasukkan data mutasi keluar untuk kode toko : 17 kode item: 11111001', 1251567388, 1, ''),
(1433, 'Memasukkan data mutasi keluar untuk kode toko : 18 kode item: 11111001', 1251567388, 1, ''),
(1434, 'Memasukkan data mutasi keluar untuk kode toko : 19 kode item: 11111001', 1251567388, 1, ''),
(1435, 'Memasukkan data mutasi keluar untuk kode toko : 20 kode item: 11111001', 1251567388, 1, ''),
(1436, 'Memasukkan data mutasi keluar untuk kode toko : 21 kode item: 11111001', 1251567388, 1, ''),
(1437, 'Memasukkan data mutasi keluar untuk kode toko : 27 kode item: 11111001', 1251567388, 1, ''),
(1438, 'Memasukkan data mutasi keluar untuk kode toko : 00 kode item: 12345001', 1251567388, 1, ''),
(1439, 'Memasukkan data mutasi keluar untuk kode toko : 11 kode item: 12345001', 1251567388, 1, ''),
(1440, 'Memasukkan data mutasi keluar untuk kode toko : 12 kode item: 12345001', 1251567388, 1, ''),
(1441, 'Memasukkan data mutasi keluar untuk kode toko : 13 kode item: 12345001', 1251567388, 1, ''),
(1442, 'Memasukkan data mutasi keluar untuk kode toko : 14 kode item: 12345001', 1251567388, 1, ''),
(1443, 'Memasukkan data mutasi keluar untuk kode toko : 15 kode item: 12345001', 1251567388, 1, ''),
(1444, 'Memasukkan data mutasi keluar untuk kode toko : 16 kode item: 12345001', 1251567388, 1, ''),
(1445, 'Memasukkan data mutasi keluar untuk kode toko : 17 kode item: 12345001', 1251567388, 1, ''),
(1446, 'Memasukkan data mutasi keluar untuk kode toko : 18 kode item: 12345001', 1251567388, 1, ''),
(1447, 'Memasukkan data mutasi keluar untuk kode toko : 19 kode item: 12345001', 1251567388, 1, ''),
(1448, 'Memasukkan data mutasi keluar untuk kode toko : 20 kode item: 12345001', 1251567388, 1, ''),
(1449, 'Memasukkan data mutasi keluar untuk kode toko : 21 kode item: 12345001', 1251567388, 1, ''),
(1450, 'Memasukkan data mutasi keluar untuk kode toko : 27 kode item: 12345001', 1251567388, 1, ''),
(1451, 'Memasukkan data mutasi keluar untuk kode toko : 00 kode item: 12345002', 1251567388, 1, ''),
(1452, 'Memasukkan data mutasi keluar untuk kode toko : 11 kode item: 12345002', 1251567388, 1, ''),
(1453, 'Memasukkan data mutasi keluar untuk kode toko : 12 kode item: 12345002', 1251567388, 1, ''),
(1454, 'Memasukkan data mutasi keluar untuk kode toko : 13 kode item: 12345002', 1251567388, 1, ''),
(1455, 'Memasukkan data mutasi keluar untuk kode toko : 14 kode item: 12345002', 1251567388, 1, ''),
(1456, 'Memasukkan data mutasi keluar untuk kode toko : 15 kode item: 12345002', 1251567388, 1, ''),
(1457, 'Memasukkan data mutasi keluar untuk kode toko : 16 kode item: 12345002', 1251567389, 1, ''),
(1458, 'Memasukkan data mutasi keluar untuk kode toko : 17 kode item: 12345002', 1251567389, 1, ''),
(1459, 'Memasukkan data mutasi keluar untuk kode toko : 18 kode item: 12345002', 1251567389, 1, ''),
(1460, 'Memasukkan data mutasi keluar untuk kode toko : 19 kode item: 12345002', 1251567389, 1, ''),
(1461, 'Memasukkan data mutasi keluar untuk kode toko : 20 kode item: 12345002', 1251567389, 1, ''),
(1462, 'Memasukkan data mutasi keluar untuk kode toko : 21 kode item: 12345002', 1251567389, 1, ''),
(1463, 'Memasukkan data mutasi keluar untuk kode toko : 27 kode item: 12345002', 1251567389, 1, ''),
(1464, 'Memasukkan data mutasi keluar untuk kode toko : 00 kode item: 22123001', 1251567389, 1, ''),
(1465, 'Memasukkan data mutasi keluar untuk kode toko : 11 kode item: 22123001', 1251567389, 1, ''),
(1466, 'Memasukkan data mutasi keluar untuk kode toko : 12 kode item: 22123001', 1251567389, 1, ''),
(1467, 'Memasukkan data mutasi keluar untuk kode toko : 13 kode item: 22123001', 1251567389, 1, ''),
(1468, 'Memasukkan data mutasi keluar untuk kode toko : 14 kode item: 22123001', 1251567389, 1, ''),
(1469, 'Memasukkan data mutasi keluar untuk kode toko : 15 kode item: 22123001', 1251567389, 1, ''),
(1470, 'Memasukkan data mutasi keluar untuk kode toko : 16 kode item: 22123001', 1251567389, 1, ''),
(1471, 'Memasukkan data mutasi keluar untuk kode toko : 17 kode item: 22123001', 1251567389, 1, ''),
(1472, 'Memasukkan data mutasi keluar untuk kode toko : 18 kode item: 22123001', 1251567389, 1, ''),
(1473, 'Memasukkan data mutasi keluar untuk kode toko : 19 kode item: 22123001', 1251567389, 1, ''),
(1474, 'Memasukkan data mutasi keluar untuk kode toko : 20 kode item: 22123001', 1251567389, 1, ''),
(1475, 'Memasukkan data mutasi keluar untuk kode toko : 21 kode item: 22123001', 1251567389, 1, ''),
(1476, 'Memasukkan data mutasi keluar untuk kode toko : 27 kode item: 22123001', 1251567389, 1, ''),
(1477, 'Memasukkan data mutasi keluar untuk kode toko : 00 kode item: 23456001', 1251567389, 1, ''),
(1478, 'Memasukkan data mutasi keluar untuk kode toko : 00 kode item: 67555001', 1251567389, 1, ''),
(1479, 'memasukkan data mutasi masuk item 01244001', 1251567459, 1, ''),
(1480, 'Menandai table item_distribution untuk item yang udah diprint labelnya. Kode Item : 12345001', 1251567674, 1, ''),
(1481, 'Menandai table item_distribution untuk item yang udah diprint labelnya. Kode Item : 12345001', 1251567709, 1, ''),
(1482, 'Menandai table item_distribution untuk item yang udah diprint labelnya. Kode Item : 11111001', 1251568004, 1, ''),
(1483, 'Menandai table item_distribution untuk item yang udah diprint labelnya. Kode Item : 11111001', 1251568052, 1, ''),
(1484, 'Menandai table item_distribution untuk item yang udah diprint labelnya. Kode Item : 11111001', 1251568065, 1, ''),
(1485, 'Menandai table item_distribution untuk item yang udah diprint labelnya. Kode Item : 23456001', 1251568183, 1, ''),
(1486, 'Menandai table item_distribution untuk item yang udah diprint labelnya. Kode Item : 23456001', 1251568184, 1, ''),
(1487, 'Menandai table item_distribution untuk item yang udah diprint labelnya. Kode Item : 23456001', 1251568192, 1, ''),
(1488, 'Menandai table item_distribution untuk item yang udah diprint labelnya. Kode Item : 23456001', 1251568264, 1, ''),
(1489, 'Menandai table item_distribution untuk item yang udah diprint labelnya. Kode Item : 67555001', 1251568273, 1, ''),
(1490, 'Menandai table item_distribution untuk item yang udah diprint labelnya. Kode Item : 67555001', 1251568277, 1, ''),
(1491, 'Menandai table item_distribution untuk item yang udah diprint labelnya. Kode Item : 12345002', 1251568280, 1, ''),
(1492, 'Menandai table item_distribution untuk item yang udah diprint labelnya. Kode Item : 12345002', 1251568281, 1, ''),
(1493, 'Menandai table item_distribution untuk item yang udah diprint labelnya. Kode Item : 12345002', 1251568283, 1, ''),
(1494, 'Menandai table item_distribution untuk item yang udah diprint labelnya. Kode Item : 22123001', 1251568286, 1, ''),
(1495, 'Menandai table item_distribution untuk item yang udah diprint labelnya. Kode Item : 22123001', 1251568287, 1, ''),
(1496, 'Memasukkan data mutasi keluar untuk kode toko : 00 kode item: 22123001', 1251609783, 1, ''),
(1497, 'Memasukkan data mutasi keluar untuk kode toko : 11 kode item: 22123001', 1251609783, 1, ''),
(1498, 'Memasukkan data mutasi keluar untuk kode toko : 12 kode item: 22123001', 1251609783, 1, ''),
(1499, 'Memasukkan data mutasi keluar untuk kode toko : 13 kode item: 22123001', 1251609783, 1, ''),
(1500, 'Memasukkan data mutasi keluar untuk kode toko : 14 kode item: 22123001', 1251609783, 1, ''),
(1501, 'Memasukkan data mutasi keluar untuk kode toko : 15 kode item: 22123001', 1251609783, 1, ''),
(1502, 'Memasukkan data mutasi keluar untuk kode toko : 16 kode item: 22123001', 1251609783, 1, ''),
(1503, 'Memasukkan data mutasi keluar untuk kode toko : 17 kode item: 22123001', 1251609783, 1, ''),
(1504, 'Memasukkan data mutasi keluar untuk kode toko : 18 kode item: 22123001', 1251609783, 1, ''),
(1505, 'Memasukkan data mutasi keluar untuk kode toko : 19 kode item: 22123001', 1251609783, 1, ''),
(1506, 'Memasukkan data mutasi keluar untuk kode toko : 20 kode item: 22123001', 1251609783, 1, ''),
(1507, 'Memasukkan data mutasi keluar untuk kode toko : 21 kode item: 22123001', 1251609783, 1, ''),
(1508, 'Memasukkan data mutasi keluar untuk kode toko : 27 kode item: 22123001', 1251609783, 1, ''),
(1509, 'Menandai table item_distribution untuk item yang udah diprint labelnya. Kode Item : 22123001', 1251610278, 1, ''),
(1510, 'memasukkan data mutasi masuk item 01244002', 1251612006, 1, ''),
(1511, 'mengupdate data mutasi masuk item 01244001', 1251612068, 1, ''),
(1512, 'Memasukan data supplier', 1274665384, 2, ''),
(1513, 'memasukkan data mutasi masuk item 09999001', 1274665904, 2, ''),
(1514, 'memasukkan data mutasi masuk item 0999999001', 1274665904, 2, ''),
(1515, 'Menambah kelompok barang', 1274825148, 1, ''),
(1516, 'memasukkan data mutasi masuk item 0999999002', 1274974949, 1, ''),
(1517, 'memasukkan data mutasi masuk item 0999999003', 1274974949, 1, ''),
(1518, 'memasukkan data mutasi masuk item 3312310001', 1274983278, 1, ''),
(1519, 'memasukkan data mutasi masuk item 3312310002', 1274983278, 1, ''),
(1520, 'Memasukkan data mutasi keluar untuk kode toko : 20 kode item: 09999001', 1274987953, 1, ''),
(1521, 'Memasukkan data mutasi keluar untuk kode toko : 99 kode item: 09999001', 1274987953, 1, ''),
(1522, 'Menandai table item_distribution untuk item yang udah diprint labelnya. Kode Item : 09999001', 1274988014, 1, ''),
(1523, 'Menandai table item_distribution untuk item yang udah diprint labelnya. Kode Item : 09999001', 1274988014, 1, ''),
(1524, 'Menandai table item_distribution untuk item yang udah diprint labelnya. Kode Item : 09999001', 1274988061, 1, ''),
(1525, 'Memasukkan data mutasi keluar untuk kode toko : 11 kode item: 0999999001', 1275007357, 1, ''),
(1526, 'Memasukkan data mutasi keluar untuk kode toko : 12 kode item: 0999999001', 1275007357, 1, ''),
(1527, 'Memasukkan data mutasi keluar untuk kode toko : 19 kode item: 0999999001', 1275007357, 1, ''),
(1528, 'Memasukkan data mutasi keluar untuk kode toko : 11 kode item: 0999999002', 1275007357, 1, ''),
(1529, 'Memasukkan data mutasi keluar untuk kode toko : 15 kode item: 0999999002', 1275007357, 1, ''),
(1530, 'Memasukkan data mutasi keluar untuk kode toko : 20 kode item: 0999999002', 1275007357, 1, ''),
(1531, 'Memasukkan data mutasi keluar untuk kode toko : 11 kode item: 0999999003', 1275007357, 1, ''),
(1532, 'Memasukkan data mutasi keluar untuk kode toko : 19 kode item: 0999999003', 1275007357, 1, ''),
(1533, 'Menandai table item_distribution untuk item yang udah diprint labelnya. Kode Item : 0999999001', 1275007801, 1, ''),
(1534, 'Menandai table item_distribution untuk item yang udah diprint labelnya. Kode Item : 0999999001', 1275007801, 1, ''),
(1535, 'Menandai table item_distribution untuk item yang udah diprint labelnya. Kode Item : 0999999002', 1275007835, 1, ''),
(1536, 'Menandai table item_distribution untuk item yang udah diprint labelnya. Kode Item : 0999999002', 1275007835, 1, ''),
(1537, 'Menandai table item_distribution untuk item yang udah diprint labelnya. Kode Item : 0999999003', 1275007858, 1, ''),
(1538, 'Menandai table item_distribution untuk item yang udah diprint labelnya. Kode Item : 0999999003', 1275007858, 1, ''),
(1539, 'Memasukkan data mutasi keluar untuk kode toko : 11 kode item: 0999999002', 1275012010, 1, ''),
(1540, 'Menandai table item_distribution untuk item yang udah diprint labelnya. Kode Item : 0999999002', 1275012020, 1, ''),
(1541, 'Menandai table item_distribution untuk item yang udah diprint labelnya. Kode Item : 0999999002', 1275012020, 1, ''),
(1542, 'memasukkan data mutasi masuk item 0908123001', 1277024653, 1, ''),
(1543, 'memasukkan data mutasi masuk item 0908123002', 1277024653, 1, ''),
(1544, 'memasukkan data mutasi masuk item 0762210001', 1277027126, 1, ''),
(1545, 'memasukkan data mutasi masuk item 1212310010', 1277041521, 7, ''),
(1546, 'memasukkan data mutasi masuk item 1212310011', 1277041521, 7, ''),
(1547, 'memasukkan data mutasi masuk item 0912301001', 1277044645, 7, ''),
(1548, 'memasukkan data mutasi masuk item 0912301002', 1277044645, 7, ''),
(1549, 'memasukkan data mutasi masuk item 0912301001', 1277044741, 7, ''),
(1550, 'memasukkan data mutasi masuk item 0912301002', 1277044742, 7, ''),
(1551, 'memasukkan data mutasi masuk item 0912301003', 1277044866, 7, ''),
(1552, 'memasukkan data mutasi masuk item 0912301004', 1277044866, 7, ''),
(1553, 'memasukkan data mutasi masuk item 1122210001', 1277052671, 7, ''),
(1554, 'memasukkan data mutasi masuk item 1122210002', 1277052671, 7, '');

-- --------------------------------------------------------

--
-- Table structure for table `operator`
--

CREATE TABLE IF NOT EXISTS `operator` (
  `op_id` int(11) NOT NULL AUTO_INCREMENT,
  `op_name` varchar(128) NOT NULL,
  `op_phone` varchar(128) NOT NULL,
  `op_address` varchar(128) NOT NULL,
  PRIMARY KEY (`op_id`)
) ENGINE=InnoDB  DEFAULT CHARSET=latin1 AUTO_INCREMENT=8 ;

--
-- Dumping data for table `operator`
--

INSERT INTO `operator` (`op_id`, `op_name`, `op_phone`, `op_address`) VALUES
(1, 'Purwanto', '0219976845', 'Jln. Kenari 13 Kota Cinta'),
(2, 'chad', '84358247', 'fhdefshdfhad'),
(3, 'Desi Yunita', '-', '-'),
(4, 'Anna Ramadhani', '-', '-'),
(5, 'Fajar Bagus', '-', '-'),
(7, 'Icha icha', '', '');

-- --------------------------------------------------------

--
-- Table structure for table `pengguna`
--

CREATE TABLE IF NOT EXISTS `pengguna` (
  `p_id` int(11) NOT NULL AUTO_INCREMENT,
  `p_username` varchar(128) NOT NULL,
  `p_passwd` varchar(128) NOT NULL,
  `p_role` enum('admin','supervisor','operator','user') DEFAULT NULL,
  `p_active` tinyint(1) NOT NULL DEFAULT '0',
  PRIMARY KEY (`p_id`),
  UNIQUE KEY `p_username` (`p_username`)
) ENGINE=InnoDB  DEFAULT CHARSET=latin1 AUTO_INCREMENT=8 ;

--
-- Dumping data for table `pengguna`
--

INSERT INTO `pengguna` (`p_id`, `p_username`, `p_passwd`, `p_role`, `p_active`) VALUES
(1, 'purwa', 'e10adc3949ba59abbe56e057f20f883e', 'admin', 1),
(2, 'chad', 'e10adc3949ba59abbe56e057f20f883e', 'supervisor', 1),
(3, 'desi', 'e10adc3949ba59abbe56e057f20f883e', 'user', 1),
(4, 'anna', 'e10adc3949ba59abbe56e057f20f883e', 'operator', 1),
(5, 'bagus', 'e10adc3949ba59abbe56e057f20f883e', 'operator', 1),
(7, 'icha', 'e10adc3949ba59abbe56e057f20f883e', 'operator', 1);

-- --------------------------------------------------------

--
-- Table structure for table `shop`
--

CREATE TABLE IF NOT EXISTS `shop` (
  `shop_code` varchar(128) NOT NULL,
  `shop_name` varchar(128) NOT NULL,
  `shop_initial` varchar(128) NOT NULL,
  `shop_address` varchar(128) NOT NULL,
  `shop_phone` varchar(128) NOT NULL,
  `shop_supervisor` varchar(128) NOT NULL,
  `shop_bonus` int(11) NOT NULL,
  `shop_target` int(11) NOT NULL,
  `ordered_by` int(11) NOT NULL,
  PRIMARY KEY (`shop_code`)
) ENGINE=InnoDB DEFAULT CHARSET=latin1;

--
-- Dumping data for table `shop`
--

INSERT INTO `shop` (`shop_code`, `shop_name`, `shop_initial`, `shop_address`, `shop_phone`, `shop_supervisor`, `shop_bonus`, `shop_target`, `ordered_by`) VALUES
('00', 'Nana Collection', 'NNC', 'Jl. Irian No.214 T.Morawa', '06177875514', 'Sofyan Hadi', 0, 0, 7),
('11', 'Mode Fashion Nibung', 'NB', 'Jl. Nibung Baru No.61-63 Medan', '0614527825', 'Zulfadhli', 0, 0, 1),
('12', 'Mode Fashion Supermall', 'SPM', 'Jl. Soekarno Hatta GR 7 no.5 Binjai Supermall', '06176421122', 'Irfansyah', 0, 0, 11),
('13', 'Mode Fashion Kota Baru', 'KB', 'Jl. Kota Baru II NO. 48 Medan', '0614527153', 'Dedi Purba', 0, 0, 2),
('14', 'Mode Fashion Stabat', 'STB', 'Jl.KH. Zainul Arifin No.5 ABC Stabat', '0618912701', 'Tasman', 0, 0, 10),
('15', 'Mode Fashion Kota Binjai', 'BJ', 'Jl. Jendral Sudirman No.355 Binjai', '0618821229', 'Riko Ridwan', 0, 0, 5),
('16', 'Mode Fashion Rampah', 'RMP', 'Jl. Jendral Sudirman No.118 GH Sei Rampah', '062141167', 'Hasnal', 0, 0, 9),
('17', 'Mode Fashion Perbaungan', '17', 'Jl. Serdang No.141 Perbaungan', '0617990009', 'Hadi Anwar', 0, 0, 8),
('18', 'Modiest Perbaungan', '18', 'Jl. Serdang No.114-116 Perbaungan', '06177447997', 'Mulyadi Lara', 0, 0, 6),
('19', 'Mode Fashion Brayan', 'BRY', 'Jl. Yos Sudarso No.94 Pulo Brayan Medan', '0616628287', 'Irma Yani Lubis', 0, 0, 3),
('20', 'Mode Fashion Tanjung Morawa', 'TMR', 'Jl. Irian No.200-202 T.Morawa', '0617942630', 'Muhammad Bahrizal', 0, 0, 4),
('21', 'Mode Fashion Kisaran', 'KSR', 'Jl. Imam Bonjol No.60 Kisaran', '062341482', 'Hendrik', 0, 0, 13),
('27', 'Modiest Halat', 'MDS', 'Komplek Ruko Halat Center Blok B No.2 Medan', '0617359407', 'Debby Radika Lubis', 0, 0, 12);

-- --------------------------------------------------------

--
-- Table structure for table `supplier`
--

CREATE TABLE IF NOT EXISTS `supplier` (
  `sup_code` varchar(128) NOT NULL,
  `sup_name` varchar(128) NOT NULL,
  `sup_address` varchar(128) NOT NULL,
  `sup_phone` varchar(128) NOT NULL,
  `op_code` int(11) NOT NULL,
  `entry_date` date NOT NULL,
  PRIMARY KEY (`sup_code`),
  KEY `sup_code` (`sup_code`)
) ENGINE=InnoDB DEFAULT CHARSET=latin1;

--
-- Dumping data for table `supplier`
--

INSERT INTO `supplier` (`sup_code`, `sup_name`, `sup_address`, `sup_phone`, `op_code`, `entry_date`) VALUES
('001', 'era baru', 'a', '0', 2, '2009-08-22'),
('002', 'abun', 'a', '0', 2, '2009-08-22'),
('003', 'serba adil', 'a', '0', 2, '2009-08-22'),
('004', 'gajah mada', 'a', '0', 2, '2009-08-22'),
('005', 'internusa tradine', 'a', '0', 2, '2009-08-22'),
('006', 'amuk', 'a', '0', 2, '2009-08-22'),
('007', 'ud. maju bersama ', 'a', '0', 2, '2009-08-22'),
('008', 'pandu jaya', 'a', '0', 2, '2009-08-22'),
('009', 'plangkaraya', 'a', '0', 2, '2009-08-22'),
('010', 'S M S', 'a', '0', 2, '2009-08-22'),
('011', 'maju jaya / kertas kado', 'a', '0', 2, '2009-08-22'),
('012', 'lewast iwan kelana', 'a', '0', 2, '2009-08-22'),
('013', 'csa / mamee', 'a', '0', 2, '2009-08-22'),
('014', 'camay', 'a', '0', 2, '2009-08-22'),
('015', 'cipta jasa', 'a', '0', 2, '2009-08-22'),
('016', 'h. razali', 'a', '0', 2, '2009-08-22'),
('017', 'columbia', 'a', '0', 2, '2009-08-22'),
('018', 'fransena', 'a', '0', 2, '2009-08-22'),
('019', 'damai / karya prima', 'a', '0', 2, '2009-08-22'),
('01A', 'n a c', 'a', '0', 2, '2009-08-22'),
('01B', 'tsin tsin', 'a', '0', 2, '2009-08-22'),
('01C', 'fahira busana', 'a', '0', 2, '2009-08-22'),
('01D', 'isabel', 'a', '0', 2, '2009-08-22'),
('01E', 'jesslyn', 'a', '0', 2, '2009-08-22'),
('01F', 'dilla', 'a', '0', 2, '2009-08-22'),
('01G', 'delavida', 'a', '0', 2, '2009-08-22'),
('01H', 'micheline', 'a', '0', 2, '2009-08-22'),
('01I', 'star text', 'a', '0', 2, '2009-08-22'),
('01J', 'sinar atika', 'a', '0', 2, '2009-08-22'),
('01K', 'typo', 'a', '0', 2, '2009-08-22'),
('01L', 'sumber harapan', 'a', '0', 2, '2009-08-22'),
('021', 'surya busana', 'a', '0', 2, '2009-08-22'),
('022', 'dua sekawan', 'a', '0', 2, '2009-08-22'),
('023', 'mari mampir', 'a', '0', 2, '2009-08-22'),
('024', 'elok simpang', 'a', '0', 2, '2009-08-22'),
('025', 'keris sakti', 'a', '0', 2, '2009-08-22'),
('026', 'rizky perdana', 'a', '0', 2, '2009-08-22'),
('027', 'ilzan', 'a', '0', 2, '2009-08-22'),
('028', 'cm/ han', 'a', '0', 2, '2009-08-22'),
('029', 'gundaling', 'a', '0', 2, '2009-08-22'),
('02A', 'syaiful', 'a', '0', 2, '2009-08-22'),
('02B', 'cx fashion', 'a', '0', 2, '2009-08-22'),
('02C', 'h g', 'a', '0', 2, '2009-08-22'),
('02D', 'spandex kid''s', 'a', '0', 2, '2009-08-22'),
('02E', 'ask me', 'a', '0', 2, '2009-08-22'),
('02F', 'hj tin', 'a', '0', 2, '2009-08-22'),
('02G', 'hank''s', 'a', '0', 2, '2009-08-22'),
('02H', 'kinaya', 'a', '0', 2, '2009-08-22'),
('02I', 'o''net', 'a', '0', 2, '2009-08-22'),
('02J', 'nellya group', 'a', '0', 2, '2009-08-22'),
('02K', 'prontal corps', 'a', '0', 2, '2009-08-22'),
('02L', 'casenza', 'a', '0', 2, '2009-08-22'),
('030', 'jason', 'a', '0', 2, '2009-08-22'),
('031', 'raphel', 'a', '0', 2, '2009-08-22'),
('032', 'h. masri', 'a', '0', 2, '2009-08-22'),
('033', 'h. m. nuh', 'a', '0', 2, '2009-08-22'),
('034', 'indah jaya / atong', 'a', '0', 2, '2009-08-22'),
('035', 'roy / tp', 'a', '0', 2, '2009-08-22'),
('036', 'anugrah garmindo', 'a', '0', 2, '2009-08-22'),
('037', 'makmur', 'a', '0', 2, '2009-08-22'),
('038', 'jagger', 'a', '0', 2, '2009-08-22'),
('039', 'jasa abadi', 'a', '0', 2, '2009-08-22'),
('03A', 'grand jaya', 'a', '0', 2, '2009-08-22'),
('03B', 'manggala poti', 'a', '0', 2, '2009-08-22'),
('03C', 'giat cahaya', 'a', '0', 2, '2009-08-22'),
('03D', 'mikaya', 'a', '0', 2, '2009-08-22'),
('03E', 'hanco hanna colle', 'a', '0', 2, '2009-08-22'),
('03F', 'y e a', 'a', '0', 2, '2009-08-22'),
('03G', 'mutiara', 'a', '0', 2, '2009-08-22'),
('03H', 'honey', 'a', '0', 2, '2009-08-22'),
('03I', 'ganesha busana', 'a', '0', 2, '2009-08-22'),
('03J', 'citra gemilang', 'a', '0', 2, '2009-08-22'),
('03K', 'bamboo', 'a', '0', 2, '2009-08-22'),
('03L', 'jaya abadi', 'a', '0', 2, '2009-08-22'),
('040', 'panca budi / akiet', 'a', '0', 2, '2009-08-22'),
('041', 'jaya abadi', 'a', '0', 2, '2009-08-22'),
('042', 'jaya baru', 'a', '0', 2, '2009-08-22'),
('043', 'jaya busana', 'a', '0', 2, '2009-08-22'),
('044', 'jm/ tp/ dmp', 'a', '0', 2, '2009-08-22'),
('045', 'joli / cirebon', 'a', '0', 2, '2009-08-22'),
('046', 'july', 'a', '0', 2, '2009-08-22'),
('047', 'kawiraya muraya', 'a', '0', 2, '2009-08-22'),
('048', 'delva mandiri fsh', 'a', '0', 2, '2009-08-22'),
('049', 'eka jaya', 'a', '0', 2, '2009-08-22'),
('04A', 'zidni', 'a', '0', 2, '2009-08-22'),
('04B', 'amanah', 'a', '0', 2, '2009-08-22'),
('04C', 'b kid''s', 'a', '0', 2, '2009-08-22'),
('04D', 'layla', 'a', '0', 2, '2009-08-22'),
('04E', 'barbara', 'a', '0', 2, '2009-08-22'),
('04F', 'namira', 'a', '0', 2, '2009-08-22'),
('04G', 'wahana baru', 'a', '0', 2, '2009-08-22'),
('04H', 'sumber berkah', 'a', '0', 2, '2009-08-22'),
('04I', 'juve', 'a', '0', 2, '2009-08-22'),
('04J', 'bintang tiga purnama', 'a', '0', 2, '2009-08-22'),
('04K', 'paragon', 'a', '0', 2, '2009-08-22'),
('04L', 'e & k', 'a', '0', 2, '2009-08-22'),
('050', 'cardinal', 'a', '0', 2, '2009-08-22'),
('051', 'ayung', 'a', '0', 2, '2009-08-22'),
('052', 'delami / executive', 'a', '0', 2, '2009-08-22'),
('053', 'langsa', 'a', '0', 2, '2009-08-22'),
('054', 'lavenza', 'a', '0', 2, '2009-08-22'),
('055', 'sumber jaya', 'a', '0', 2, '2009-08-22'),
('056', 'jan''s co fashion', 'a', '0', 2, '2009-08-22'),
('057', 'priyandana / zanil', 'a', '0', 2, '2009-08-22'),
('058', 'mestika alam', 'a', '0', 2, '2009-08-22'),
('059', 'no hyu fashion', 'a', '0', 2, '2009-08-22'),
('05A', 'ronaldy piere', 'a', '0', 2, '2009-08-22'),
('05B', 'chiki jaya', 'a', '0', 2, '2009-08-22'),
('05C', 'j & j collection''s', 'a', '0', 2, '2009-08-22'),
('05D', 'buana jaya', 'a', '0', 2, '2009-08-22'),
('05E', 'sahza', 'a', '0', 2, '2009-08-22'),
('05F', 'my berlive', 'a', '0', 2, '2009-08-22'),
('05G', 'sea king', 'a', '0', 2, '2009-08-22'),
('05H', 'loft', 'a', '0', 2, '2009-08-22'),
('05I', 'knalpot', 'a', '0', 2, '2009-08-22'),
('05J', 'cha - cha', 'a', '0', 2, '2009-08-22'),
('05K', 'gemini', 'a', '0', 2, '2009-08-22'),
('05L', 'niken fashion', 'a', '0', 2, '2009-08-22'),
('060', 'laris', 'a', '0', 2, '2009-08-22'),
('061', 'mundo lukman', 'a', '0', 2, '2009-08-22'),
('062', 'mutiara', 'a', '0', 2, '2009-08-22'),
('063', 'pt. kasih kurnia / emba', 'a', '0', 2, '2009-08-22'),
('064', 's t j', 'a', '0', 2, '2009-08-22'),
('065', 'mujur utama', 'a', '0', 2, '2009-08-22'),
('066', 'diana', 'a', '0', 2, '2009-08-22'),
('067', 'asia jaya', 'a', '0', 2, '2009-08-22'),
('068', 'ratu busana', 'a', '0', 2, '2009-08-22'),
('069', 'acui', 'a', '0', 2, '2009-08-22'),
('06A', 'g 2001', 'a', '0', 2, '2009-08-22'),
('06B', 'win', 'a', '0', 2, '2009-08-22'),
('06C', 'aikon mode', 'a', '0', 2, '2009-08-22'),
('06D', 'mikiya', 'a', '0', 2, '2009-08-22'),
('06E', 'yunita', 'a', '0', 2, '2009-08-22'),
('06F', 'rileen', 'a', '0', 2, '2009-08-22'),
('06G', 'mei jie', 'a', '0', 2, '2009-08-22'),
('06H', 'konka', 'a', '0', 2, '2009-08-27'),
('06J', 'cherry fashion', 'a', '0', 2, '2009-08-27'),
('06K', 'quintessa', 'a', '085692241410', 2, '2009-08-27'),
('06L', 'inter sport', 'a', '0', 2, '2009-08-27'),
('070', 'mfg', 'a', '0', 2, '2009-08-27'),
('071', 'ria', 'a', '0', 2, '2009-08-27'),
('072', 'rodache garment', 'a', '0', 2, '2009-08-27'),
('073', 'lois medan', 'a', '0', 2, '2009-08-27'),
('074', 'mak acin', 'a', '0', 2, '2009-08-27'),
('075', 'mak aciak', 'a', '0', 2, '2009-08-27'),
('076', '70', 'a', '0', 2, '2009-08-27'),
('077', 'silvia', 'a', '0', 2, '2009-08-27'),
('078', 'sinar baru', 'a', '0', 2, '2009-08-27'),
('079', 'ak', 'a', '0', 2, '2009-08-27'),
('07A', 'charriol', 'a', '0', 2, '2009-08-27'),
('07B', 'joyful', 'a', '0', 2, '2009-08-27'),
('07C', 'sun kid''s', 'a', '0', 2, '2009-08-27'),
('07D', 'lativa busana', 'a', '0', 2, '2009-08-27'),
('07E', 'rin - rin', 'a', '0', 2, '2009-08-27'),
('07F', 'arancio', 'a', '0', 2, '2009-08-27'),
('07G', 'serba indah', 'a', '0', 2, '2009-08-27'),
('07H', 'kim - kim fashionable', 'a', '0', 2, '2009-08-27'),
('07J', 'al - hikmah', 'a', '0', 2, '2009-08-27'),
('07K', 'sarai', 'A', '0', 2, '2009-08-27'),
('07L', 'alfian / jakarta', 'A', '0', 2, '2009-08-27'),
('080', 'sinar karya', 'A', '0', 2, '2009-08-27'),
('081', 'sinta pertiwi', 'A', '0', 2, '2009-08-27'),
('082', 'special batik', 'A', '0', 2, '2009-08-27'),
('083', 'sulaiman zen', 'A', '0', 2, '2009-08-27'),
('084', 'sumatera jam', 'A', '0', 2, '2009-08-27'),
('085', 'mingo', 'A', '0', 2, '2009-08-27'),
('086', 'sumber indah', 'A', '0', 2, '2009-08-27'),
('087', 'sumber rejeki', 'A', '0', 2, '2009-08-27'),
('088', 'bj', 'A', '0', 2, '2009-08-27'),
('089', 'ud mega warna', 'A', '0', 2, '2009-08-27'),
('08A', 'victory (kaos)', 'A', '0', 2, '2009-08-27'),
('08B', 'di upuk fajar', 'A', '0', 2, '2009-08-27'),
('08C', 'lijen', 'A', '0', 2, '2009-08-27'),
('08D', 'kencana ungu', 'A', '0', 2, '2009-08-27'),
('08E', 'pont two', 'A', '0', 2, '2009-08-27'),
('08F', 'ayumi', 'A', '0', 2, '2009-08-27'),
('08G', 'lff', 'A', '0', 2, '2009-08-27'),
('08H', 'jimmy', 'A', '0', 2, '2009-08-27'),
('08J', 'trend jaket', 'A', '0', 2, '2009-08-27'),
('08K', 'sun boy', 'A', '0', 2, '2009-08-27'),
('08L', 'aida', 'A', '0', 2, '2009-08-27'),
('090', 'tenang jaya', 'A', '0', 2, '2009-08-27'),
('091', 'teratai', 'A', '0', 2, '2009-08-27'),
('092', 'sinar jakarta (k. kaki)', 'A', '0', 2, '2009-08-27'),
('093', 'timur jaya', 'A', '0', 2, '2009-08-27'),
('094', 'mustika alam', 'A', '0', 2, '2009-08-27'),
('095', 'tunas baru - 570075', 'A', '0', 2, '2009-08-27'),
('096', 'ud. sumatera jaya', 'A', '0', 2, '2009-08-27'),
('097', 'usaha makmur', 'A', '0', 2, '2009-08-27'),
('098', 'bc', 'A', '0', 2, '2009-08-27'),
('099', 'ud. berkat', 'A', '0', 2, '2009-08-27'),
('09A', 'kelly', 'A', '0', 2, '2009-08-27'),
('09B', 'adil jaya', 'A', '0', 2, '2009-08-27'),
('09C', 'bandar mas', 'A', '0', 2, '2009-08-27'),
('09D', 'reffi', 'A', '0', 2, '2009-08-27'),
('09E', 'yus 53', 'A', '0', 2, '2009-08-27'),
('09F', 'drick', 'A', '0', 2, '2009-08-27'),
('09G', 'xenia', 'A', '0', 2, '2009-08-27'),
('09H', 'erine', 'A', '0', 2, '2009-08-27'),
('09J', 'new karen by resisten', 'A', '0', 2, '2009-08-27'),
('09K', 'lolytop', 'A', '0', 2, '2009-08-27'),
('09L', 'sudah jaya', 'A', '0', 2, '2009-08-27'),
('100', 'ud. jadi jaya', 'A', '0', 2, '2009-08-27'),
('101', 'nuovo perkasa (axis)', 'A', '0', 2, '2009-08-27'),
('102', 'ud. merapi', 'A', '0', 2, '2009-08-27'),
('103', 'bagus era mandiri', 'A', '0', 2, '2009-08-27'),
('104', 'wijaya', 'A', '0', 2, '2009-08-27'),
('105', 'maju', 'A', '0', 2, '2009-08-27'),
('106', 'ilian fashion', 'A', '0', 2, '2009-08-27'),
('107', 'deny jaya', 'A', '0', 2, '2009-08-27'),
('108', 'rahmi - b. tinggi', 'A', '0', 2, '2009-08-27'),
('109', 'yk', 'A', '0', 2, '2009-08-27'),
('10A', 'yuni jaya', 'A', '0', 2, '2009-08-27'),
('10B', 'mirano', 'A', '0', 2, '2009-08-27'),
('10C', 'ria jaya', 'A', '0', 2, '2009-08-27'),
('10D', 'cip fashion', 'A', '0', 2, '2009-08-27'),
('10E', 'home', 'A', '0', 2, '2009-08-27'),
('10F', 'bella bestra', 'A', '0', 2, '2009-08-27'),
('10G', 'xing', 'A', '0', 2, '2009-08-27'),
('10H', 'top shop', 'A', '0', 2, '2009-08-27'),
('10J', 'sunny', 'A', '0', 2, '2009-08-27'),
('10K', 'jitu', 'A', '0', 2, '2009-08-27'),
('10L', 'lina', 'A', '0', 2, '2009-08-27'),
('110', 'sinar jaya / s pasar', 'A', '0', 2, '2009-08-27'),
('111', 'hasenda', 'A', '0', 2, '2009-08-27'),
('112', 'delia tex', 'A', '0', 2, '2009-08-27'),
('113', 'keluarga konfeksi pdg', 'A', '0', 2, '2009-08-27'),
('114', 'lilirus', 'A', '0', 2, '2009-08-27'),
('115', 'cipta hlm / sby baru', 'A', '0', 2, '2009-08-27'),
('116', 'zulfani', 'A', '0', 2, '2009-08-27'),
('117', 'elok pusat pasar', 'a', '0', 2, '2009-08-27'),
('118', 'ace', 'A', '0', 2, '2009-08-27'),
('119', 'levia', 'A', '0', 2, '2009-08-27'),
('11A', 'nirwana 11', 'A', '0', 2, '2009-08-27'),
('11B', 'syam - syam', 'A', '0', 2, '2009-08-27'),
('11C', 'izumo sato', 'A', '0', 2, '2009-08-27'),
('11D', 'rose collection', 'A', '0', 2, '2009-08-27'),
('11E', 'super model', 'A', '0', 2, '2009-08-27'),
('11F', 'lafeikalle', 'A', '0', 2, '2009-08-27'),
('11G', 'apple mas', 'A', '0', 2, '2009-08-27'),
('11H', 'bbb', 'A', '0', 2, '2009-08-27'),
('11J', 'mega trends', 'A', '0', 2, '2009-08-27'),
('11K', 'explorer', 'A', '0', 2, '2009-08-27'),
('11L', 'sri rejeki', 'A', '0', 2, '2009-08-27'),
('120', 'allexus', 'A', '0', 2, '2009-08-27'),
('121', 'ud. cakra prima', 'A', '0', 2, '2009-08-27'),
('122', 'panjang', 'A', '0', 2, '2009-08-27'),
('123', 'sejahtera', 'A', '0', 2, '2009-08-27'),
('124', 'sumatera jaya', 'A', '0', 2, '2009-08-27'),
('125', 'long jeans', 'A', '0', 2, '2009-08-27'),
('126', 'ayung / ali', 'A', '0', 2, '2009-08-27'),
('127', 'h. anas', 'A', '0', 2, '2009-08-27'),
('128', 'bola mas', 'a', '0', 2, '2009-08-27'),
('129', 'prima utama', 'A', '0', 2, '2009-08-27'),
('12A', 'elfandza', 'A', '0', 2, '2009-08-27'),
('12B', 'jeffry collection', 'A', '0', 2, '2009-08-27'),
('12C', 'a37 fashion', 'A', '0', 2, '2009-08-27'),
('12D', 'arestu', 'A', '0', 2, '2009-08-27'),
('12E', 'jes smile', 'A', '0', 2, '2009-08-27'),
('12F', 'rita busana', 'A', '0', 2, '2009-08-27'),
('12G', 'matahari hope', 'A', '0', 2, '2009-08-27'),
('12H', 'red one', 'A', '0', 2, '2009-08-27'),
('12J', 'gembira', 'A', '0', 2, '2009-08-27'),
('12K', 'gain - gain', 'A', '0', 2, '2009-08-27'),
('12L', 'tajima', 'A', '0', 2, '2009-08-27'),
('130', 'isaura / setia kawan', 'A', '0', 2, '2009-08-27'),
('131', 'halim', 'A', '0', 2, '2009-08-27'),
('132', 'roda mas / kemeja', 'A', '0', 2, '2009-08-27'),
('133', 'putri indah', 'A', '0', 2, '2009-08-27'),
('134', 'naga jaya', 'A', '0', 2, '2009-08-27'),
('135', 'sonia batik', 'A', '0', 2, '2009-08-27'),
('136', 'batik sonia / apin', 'A', '0', 2, '2009-08-27'),
('137', 'wiratama', 'A', '0', 2, '2009-08-27'),
('138', 'aliang / kota nopan', 'A', '0', 2, '2009-08-27'),
('139', 'gantino', 'A', '0', 2, '2009-08-27'),
('13A', 'senuju', 'A', '0', 2, '2009-08-27'),
('13B', 'sunjaya', 'A', '0', 2, '2009-08-27'),
('13C', 'mc upe', 'A', '0', 2, '2009-08-27'),
('13D', 'tesa', 'A', '0', 2, '2009-08-27'),
('13E', 'streamer', 'A', '0', 2, '2009-08-27'),
('13F', 'kiss kid''s', 'A', '0', 2, '2009-08-27'),
('13G', 'sonka', 'A', '0', 2, '2009-08-27'),
('13H', 'liping', 'A', '0', 2, '2009-08-27'),
('13J', 'dirgo', 'A', '0', 2, '2009-08-27'),
('13K', 'planet stars', 'A', '0', 2, '2009-08-27'),
('13L', 'mina product', 'A', '0', 2, '2009-08-27'),
('140', 'worker', 'A', '0', 2, '2009-08-27'),
('141', 'salim perkasa', 'A', '0', 2, '2009-08-27'),
('142', 'sinar jakarta', 'A', '0', 2, '2009-08-27'),
('143', 'albano', 'A', '0', 2, '2009-08-27'),
('144', 'ashri', 'A', '0', 2, '2009-08-27'),
('145', 'spech', 'A', '0', 2, '2009-08-27'),
('146', 'alton fashion', 'A', '0', 2, '2009-08-27'),
('147', 'jaya raya', 'A', '0', 2, '2009-08-27'),
('148', 'krakatau', 'A', '0', 2, '2009-08-27'),
('149', 'manik', 'A', '0', 2, '2009-08-27'),
('14A', 'bravo', 'A', '0', 2, '2009-08-27'),
('14B', 'vl boutique', 'A', '0', 2, '2009-08-27'),
('14C', 'indah collection', 'A', '0', 2, '2009-08-27'),
('14D', 'h. annas', 'A', '0', 2, '2009-08-27'),
('14E', 'global collection', 'A', '0', 2, '2009-08-27'),
('14F', 'elina', 'A', '0', 2, '2009-08-27'),
('14G', '633 fashion', 'A', '0', 2, '2009-08-27'),
('14H', 'yers.2', 'A', '0', 2, '2009-08-27'),
('14J', 'claudia', 'A', '0', 2, '2009-08-27'),
('14K', 'toko king', 'A', '0', 2, '2009-08-27'),
('14L', 'acewin', 'A', '0', 2, '2009-08-27'),
('150', 'p. pasar', 'A', '0', 2, '2009-08-27'),
('151', 'anugrah', 'A', '0', 2, '2009-08-27'),
('152', 'rosca', 'A', '0', 2, '2009-08-27'),
('153', 'ridho mandiri', 'A', '0', 2, '2009-08-27'),
('154', 'buyunk', 'A', '0', 2, '2009-08-27'),
('155', 'lee', 'A', '0', 2, '2009-08-27'),
('156', 'mr', 'A', '0', 2, '2009-08-27'),
('157', 'sdr', 'A', '0', 2, '2009-08-27'),
('158', 'topsy', 'A', '0', 2, '2009-08-27'),
('159', 'aling', 'A', '0', 2, '2009-08-27'),
('15A', 'sumber mas', 'A', '0', 2, '2009-08-27'),
('15B', 'makita', 'A', '0', 2, '2009-08-27'),
('15C', 'nadia coll', 'A', '0', 2, '2009-08-27'),
('15D', 'anandra collection', 'A', '0', 2, '2009-08-27'),
('15E', 'cahaya batik', 'A', '0', 2, '2009-08-27'),
('15F', 'vanny / p. anak', 'A', '0', 2, '2009-08-27'),
('15G', 'irwan kerudung', 'A', '0', 2, '2009-08-27'),
('15H', 'superstar', 'A', '0', 2, '2009-08-27'),
('15J', 'preview', 'A', '0', 2, '2009-08-27'),
('15K', 'come back', 'A', '0', 2, '2009-08-27'),
('15L', 'lubec', 'A', '0', 2, '2009-08-27'),
('160', 'ashworth', 'A', '0', 2, '2009-08-27'),
('161', 'h. st. betuah', 'A', '0', 2, '2009-08-27'),
('162', 'acong', 'A', '0', 2, '2009-08-27'),
('163', 'mexico', 'A', '0', 2, '2009-08-27'),
('164', 'elgini', 'A', '0', 2, '2009-08-27'),
('165', 'julu / cemerlang', 'A', '0', 2, '2009-08-27'),
('166', 'rajawali', 'A', '0', 2, '2009-08-27'),
('167', 'fauzy hendry', 'A', '0', 2, '2009-08-27'),
('168', 'alui', 'A', '0', 2, '2009-08-27'),
('169', '^can', 'A', '0', 2, '2009-08-27'),
('16A', 'lee jaya', 'A', '0', 2, '2009-08-27'),
('16B', 'exsco', 'A', '0', 2, '2009-08-27'),
('16C', 'bintang jaya', 'A', '0', 2, '2009-08-27'),
('16D', 'yuan''s', 'A', '0', 2, '2009-08-27'),
('16E', 'sherina', 'A', '0', 2, '2009-08-27'),
('16F', 'vic''s', 'A', '0', 2, '2009-08-27'),
('16G', 'ges', 'A', '0', 2, '2009-08-27'),
('16H', 'yanti citra', 'A', '0', 2, '2009-08-27'),
('16J', 'aa imitasi', 'A', '0', 2, '2009-08-27'),
('16K', '421', 'A', '0', 2, '2009-08-27'),
('16L', 'sari', 'A', '0', 2, '2009-08-27'),
('170', 'rezeki', 'A', '0', 2, '2009-08-27'),
('171', 'fadilah', 'A', '0', 2, '2009-08-27'),
('172', 'butix', 'A', '0', 2, '2009-08-27'),
('173', 'shima', 'A', '0', 2, '2009-08-27'),
('174', 'wirtex', 'A', '0', 2, '2009-08-27'),
('175', 'delta', 'A', '0', 2, '2009-08-27'),
('176', 'gaperta', 'A', '0', 2, '2009-08-27'),
('177', 'mp', 'A', '0', 2, '2009-08-27'),
('178', 'angelo', 'A', '0', 2, '2009-08-27'),
('179', 'smp (kcm medan)', 'A', '0', 2, '2009-08-27'),
('17A', 'city walk', 'A', '0', 2, '2009-08-27'),
('17B', 'bintang abadi', 'a', '0', 2, '2009-08-27'),
('17C', 'intan jaya', 'A', '0', 2, '2009-08-27'),
('17D', 'al astiqomah - tasik mly', 'A', '0', 2, '2009-08-27'),
('17E', 'nicole', 'A', '0', 2, '2009-08-27'),
('17F', 'vigi', 'A', '0', 2, '2009-08-27'),
('17G', 'jochan yeos', 'A', '0', 2, '2009-08-27'),
('17H', 'roza', 'A', '0', 2, '2009-08-27'),
('17J', 'jourdan', 'A', '0', 2, '2009-08-27'),
('17K', 'alex bag', 'A', '0', 2, '2009-08-27'),
('17L', 'chiki collection', 'A', '0', 2, '2009-08-27'),
('180', 'asin', 'A', '0', 2, '2009-08-27'),
('181', 'limpia / mall', 'A', '0', 2, '2009-08-27'),
('182', 'minal huda', 'A', '0', 2, '2009-08-27'),
('183', 'amco', 'A', '0', 2, '2009-08-27'),
('184', 'cai k.kaki', 'A', '0', 2, '2009-08-27'),
('185', 'desy', 'A', '0', 2, '2009-08-27'),
('186', 'lestari', 'A', '0', 2, '2009-08-27'),
('187', 'sms (hdk)', 'A', '0', 2, '2009-08-27'),
('188', 'ruth', 'A', '0', 2, '2009-08-27'),
('189', 'yansen', 'A', '0', 2, '2009-08-27'),
('18A', 'kriss collection', 'A', '0', 2, '2009-08-27'),
('18B', 'eggy', 'A', '0', 2, '2009-08-27'),
('18C', 'matrix', 'A', '0', 2, '2009-08-27'),
('18D', 'patmos junior', 'A', '0', 2, '2009-08-27'),
('18E', 'ed - in mode', 'A', '0', 2, '2009-08-27'),
('18F', 'model collection', 'A', '0', 2, '2009-08-27'),
('18G', 'tap diva', 'A', '0', 2, '2009-08-27'),
('18H', 'varia tas', 'A', '0', 2, '2009-08-27'),
('18J', 'lilie', 'A', '0', 2, '2009-08-27'),
('18K', 'nw gemilang', 'A', '0', 2, '2009-08-27'),
('18L', 'viva', 'A', '0', 2, '2009-08-27'),
('190', 'acai', 'A', '0', 2, '2009-08-27'),
('191', 'udin', 'A', '0', 2, '2009-08-27'),
('192', 'awi', 'A', '0', 2, '2009-08-27'),
('193', 'natur', 'A', '0', 2, '2009-08-27'),
('194', 'muraya', 'A', '0', 2, '2009-08-27'),
('195', 'standard', 'A', '0', 2, '2009-08-27'),
('196', 'budi - dasi', 'A', '0', 2, '2009-08-27'),
('197', 'family - bh', 'A', '0', 2, '2009-08-27'),
('198', 'rukun jaya', 'A', '0', 2, '2009-08-27'),
('199', 'armen', 'A', '0', 2, '2009-08-27'),
('19A', 'liza collection', 'A', '0', 2, '2009-08-27'),
('19B', 'gk', 'A', '0', 2, '2009-08-27'),
('19C', 'sa', 'A', '0', 2, '2009-08-27'),
('19D', 'd''valino', 'A', '0', 2, '2009-08-27'),
('19E', 'limoa', 'A', '0', 2, '2009-08-27'),
('19F', 'nafahtex', 'A', '0', 2, '2009-08-27'),
('19G', 'jam jkrt', 'A', '0', 2, '2009-08-27'),
('19H', 'yunyny', 'A', '0', 2, '2009-08-27'),
('19J', 'hope - bandung', 'A', '0', 2, '2009-08-27'),
('19K', 'bellin collection / tas', 'A', '0', 2, '2009-08-27'),
('19L', 'franky', 'A', '0', 2, '2009-08-27'),
('200', 'sumber jeans', 'A', '0', 2, '2009-08-27'),
('201', 'mj', 'A', '0', 2, '2009-08-27'),
('202', 'an (anyem)', 'A', '0', 2, '2009-08-27'),
('203', 'ji', 'A', '0', 2, '2009-08-27'),
('204', 'mulia jaya', 'A', '0', 2, '2009-08-27'),
('205', 'ud. delia', 'A', '0', 2, '2009-08-27'),
('206', 'cipta busana', 'A', '0', 2, '2009-08-27'),
('207', 'lewash / aliong', 'A', '0', 2, '2009-08-27'),
('208', 'cm', 'A', '0', 2, '2009-08-27'),
('209', 'sinar mas', 'A', '0', 2, '2009-08-27'),
('20A', 'feeling', 'A', '0', 2, '2009-08-27'),
('20B', 'h2c collections', 'A', '0', 2, '2009-08-27'),
('20C', 'pd. alpansori', 'A', '0', 2, '2009-08-27'),
('20D', 'indira collection', 'A', '0', 2, '2009-08-27'),
('20E', 'kiki & koko', 'A', '0', 2, '2009-08-27'),
('20F', 'win''s', 'A', '0', 2, '2009-08-27'),
('20G', 'oka fsh', 'A', '0', 2, '2009-08-27'),
('20H', 'back slash', 'A', '0', 2, '2009-08-27'),
('20J', 'bintang mas', 'A', '0', 2, '2009-08-27'),
('20K', 'irfan jaya', 'A', '0', 2, '2009-08-27'),
('20L', 'dewi fortuna', 'A', '0', 2, '2009-08-27'),
('210', 'sm', 'A', '0', 2, '2009-08-27'),
('211', 'evertime', 'A', '0', 2, '2009-08-27'),
('212', 'pusat pasar', 'A', '0', 2, '2009-08-27'),
('213', 'surabaya', 'A', '0', 2, '2009-08-27'),
('214', 'milan fashion house', 'A', '0', 2, '2009-08-27'),
('215', 'masaro', 'A', '0', 2, '2009-08-27'),
('216', 'samudera kemeja', 'A', '0', 2, '2009-08-27'),
('217', 'rencong mas', 'A', '0', 2, '2009-08-27'),
('218', 'muda jaya', 'A', '0', 2, '2009-08-27'),
('219', 'da thim', 'A', '0', 2, '2009-08-27'),
('21A', 'flowers', 'A', '0', 2, '2009-08-27'),
('21B', 'nadya', 'A', '0', 2, '2009-08-27'),
('21C', 'mariso', 'A', '0', 2, '2009-08-27'),
('21D', 'go jaya', 'A', '0', 2, '2009-08-27'),
('21E', 'm 2000', 'A', '0', 2, '2009-08-27'),
('21F', 'pt. indhi', 'A', '0', 2, '2009-08-27'),
('21G', 'radio branana', 'A', '0', 2, '2009-08-27'),
('21H', 'secondo stadio', 'A', '0', 2, '2009-08-27'),
('21J', 'senen jaya', 'A', '0', 2, '2009-08-27'),
('21K', 'candy kidz', 'A', '0', 2, '2009-08-27'),
('21L', 'h. rahmat', 'A', '0', 2, '2009-08-27'),
('220', 'pak palo', 'A', '0', 2, '2009-08-27'),
('221', 'hrpn jaya', 'A', '0', 2, '2009-08-27'),
('222', 'mitra setia', 'A', '0', 2, '2009-08-27'),
('223', 'meiji (jaws)', 'A', '0', 2, '2009-08-27'),
('224', 'dickson', 'A', '0', 2, '2009-08-27'),
('225', 'tiga saudara', 'A', '0', 2, '2009-08-27'),
('226', 'win - win', 'A', '0', 2, '2009-08-27'),
('227', 'ud. rezeki', 'A', '0', 2, '2009-08-27'),
('228', 'akuang', 'A', '0', 2, '2009-08-27'),
('229', 'tri tunggal mandiri', 'A', '0', 2, '2009-08-27'),
('22A', 'hokita', 'A', '0', 2, '2009-08-27'),
('22B', 'niagara', 'A', '0', 2, '2009-08-27'),
('22C', 'surya utama', 'A', '0', 2, '2009-08-27'),
('22D', 'cip collection', 'A', '0', 2, '2009-08-27'),
('22E', 'cm 2000', 'A', '0', 2, '2009-08-27'),
('22F', 'midah collection', 'A', '0', 2, '2009-08-27'),
('22G', 'mangga parma', 'A', '0', 2, '2009-08-27'),
('22H', 'semangat', 'A', '0', 2, '2009-08-27'),
('22J', 'maju jaya', 'A', '0', 2, '2009-08-27'),
('22K', 'c & h', 'A', '0', 2, '2009-08-27'),
('22L', 'rajawali / jaket', 'A', '0', 2, '2009-08-27'),
('230', 'give''s fashion', 'A', '0', 2, '2009-08-27'),
('231', 'ud. internasional', 'A', '0', 2, '2009-08-27'),
('232', 'teguh jaya', 'A', '0', 2, '2009-08-27'),
('233', 'cerebon', 'A', '0', 2, '2009-08-27'),
('234', 'makmur jaya', 'A', '0', 2, '2009-08-27'),
('235', 'petisah / palipis', 'A', '0', 2, '2009-08-27'),
('236', 'giomer / uci', 'A', '0', 2, '2009-08-27'),
('237', 'panca budi', 'A', '0', 2, '2009-08-27'),
('238', 'casio', 'A', '0', 2, '2009-08-27'),
('239', 'bihua', 'A', '0', 2, '2009-08-27'),
('23A', 'indah (switer)', 'A', '0', 2, '2009-08-27'),
('23B', 'maruhun', 'A', '0', 2, '2009-08-27'),
('23C', 'astrus', 'A', '0', 2, '2009-08-27'),
('23D', 'dora', 'A', '0', 2, '2009-08-27'),
('23E', 'naga jaya (tp. tas.dm)', 'A', '0', 2, '2009-08-27'),
('23F', 'g. feel', 'A', '0', 2, '2009-08-27'),
('23G', 'dexter', 'A', '0', 2, '2009-08-27'),
('23H', 'kita', 'A', '0', 2, '2009-08-27'),
('23J', 'indo jaya', 'A', '0', 2, '2009-08-27'),
('23K', 'nina ricci', 'A', '0', 2, '2009-08-27'),
('23L', 'monza / monaco', 'A', '0', 2, '2009-08-27'),
('240', 'aong', 'A', '0', 2, '2009-08-27'),
('241', 'garuda mas', 'A', '0', 2, '2009-08-27'),
('242', 'surya baru', 'A', '0', 2, '2009-08-27'),
('243', 'moda', 'A', '0', 2, '2009-08-27'),
('244', 'ud. damai', 'A', '0', 2, '2009-08-27'),
('245', 'amaliun', 'A', '0', 2, '2009-08-27'),
('246', 'ud. jaya raya', 'A', '0', 2, '2009-08-27'),
('247', 'ewin', 'A', '0', 2, '2009-08-27'),
('248', 'grania', 'A', '0', 2, '2009-08-27'),
('249', 'mega warna', 'A', '0', 2, '2009-08-27'),
('24A', 'mc', 'A', '0', 2, '2009-08-27'),
('24B', 'dhea', 'A', '0', 2, '2009-08-27'),
('24C', 'putra tanjung', 'A', '0', 2, '2009-08-27'),
('24D', 'lt ii b / 61 pgmta', 'A', '0', 2, '2009-08-27'),
('24E', 'nindo', 'A', '0', 2, '2009-08-27'),
('24F', 'max - plus', 'A', '0', 2, '2009-08-27'),
('24G', 'hok tex', 'A', '0', 2, '2009-08-27'),
('24H', 'psalmoi', 'A', '0', 2, '2009-08-27'),
('24J', 'indo fashion', 'A', '0', 2, '2009-08-27'),
('250', 'ben''s', 'A', '0', 2, '2009-08-27'),
('251', 'busana jaya', 'A', '0', 2, '2009-08-27'),
('252', 'ud. zulkifli', 'A', '0', 2, '2009-08-27'),
('253', 'tsi', 'A', '0', 2, '2009-08-27'),
('254', 'ud. maju jaya', 'A', '0', 2, '2009-08-27'),
('255', 'aldros jaya', 'A', '0', 2, '2009-08-27'),
('256', 'phily', 'A', '0', 2, '2009-08-27'),
('257', 'kartika alam', 'A', '0', 2, '2009-08-27'),
('258', 'walton / akula', 'A', '0', 2, '2009-08-27'),
('259', 'ud. andy jaya', 'A', '0', 2, '2009-08-27'),
('25A', 'annisa', 'A', '0', 2, '2009-08-27'),
('25B', 'sabila', 'A', '0', 2, '2009-08-27'),
('25C', 'ayu scarf', 'A', '0', 2, '2009-08-27'),
('25D', 'ud. surabaya', 'A', '0', 2, '2009-08-27'),
('25E', 'momento / yoppy', 'A', '0', 2, '2009-08-27'),
('25F', 'murah jaya', 'A', '0', 2, '2009-08-27'),
('25G', 'bonca', 'A', '0', 2, '2009-08-27'),
('25H', 'solo', 'A', '0', 2, '2009-08-27'),
('25J', 'ranisa internasional', 'A', '0', 2, '2009-08-27'),
('25K', 'co & co', 'A', '0', 2, '2009-08-27'),
('25L', 'mutia collection', 'A', '0', 2, '2009-08-27'),
('260', 'aman', 'A', '0', 2, '2009-08-27'),
('261', 'andy jaya', 'A', '0', 2, '2009-08-27'),
('262', 'benz', 'A', '0', 2, '2009-08-27'),
('263', 'bens ( jm tgn)', 'A', '0', 2, '2009-08-27'),
('264', 'afuk', 'A', '0', 2, '2009-08-27'),
('265', 'ud. ramli kp.ling', 'A', '0', 2, '2009-08-27'),
('266', 'al - hafiz', 'A', '0', 2, '2009-08-27'),
('267', 'mitra abadi', 'A', '0', 2, '2009-08-27'),
('268', 'aneka busana', 'A', '0', 2, '2009-08-27'),
('269', 'cahaya timur', 'A', '0', 2, '2009-08-27'),
('26A', 'le major', 'A', '0', 2, '2009-08-27'),
('26C', 'miss hongkong', 'A', '0', 2, '2009-08-27'),
('26D', 'cindy clara', 'A', '0', 2, '2009-08-27'),
('26E', 'new angel', 'A', '0', 2, '2009-08-27'),
('26F', 'dian yun', 'A', '0', 2, '2009-08-27'),
('26G', 'rame - rame', 'A', '0', 2, '2009-08-27'),
('26H', 'n. oby', 'A', '0', 2, '2009-08-27'),
('26J', 'esa abadi', 'A', '0', 2, '2009-08-27'),
('26K', 'zoya fashion', 'A', '0', 2, '2009-08-27'),
('26L', 'indah baru', 'A', '0', 2, '2009-08-27'),
('270', 'saudara', 'A', '0', 2, '2009-08-27'),
('271', 'buz / henki wicaksana', 'A', '0', 2, '2009-08-27'),
('272', 'achi', 'A', '0', 2, '2009-08-27'),
('273', 'amin', 'A', '0', 2, '2009-08-27'),
('274', 'sk / masaro', 'A', '0', 2, '2009-08-27'),
('275', 'dameria sitepu/tas', 'A', '0', 2, '2009-08-27'),
('276', 'dsp garment', 'A', '0', 2, '2009-08-27'),
('277', 'ajo', 'A', '0', 2, '2009-08-27'),
('278', 'fauzi oscar', 'A', '0', 2, '2009-08-27'),
('279', 'al - ghozi', 'A', '0', 2, '2009-08-27'),
('27A', 'merry', 'A', '0', 2, '2009-08-27'),
('27B', 'yuhan', 'A', '0', 2, '2009-08-27'),
('27C', 'kinki', 'A', '0', 2, '2009-08-27'),
('27D', 'chiva', 'A', '0', 2, '2009-08-27'),
('27E', 'vocal', 'A', '0', 2, '2009-08-27'),
('27F', 'berkah adinda', 'A', '0', 2, '2009-08-27'),
('27G', 'salvador', 'A', '0', 2, '2009-08-27'),
('27H', 'girls', 'A', '0', 2, '2009-08-27'),
('27J', 'bao de li', 'A', '0', 2, '2009-08-27'),
('27K', 'hanissa', 'A', '0', 2, '2009-08-27'),
('27L', 'cosco (big stroke)', 'A', '0', 2, '2009-08-27'),
('280', 'm. suaib', 'A', '0', 2, '2009-08-27'),
('281', 'abdullah muhammad', 'A', '0', 2, '2009-08-27'),
('282', 'slt', 'A', '0', 2, '2009-08-27'),
('283', 'ud. jingler''s', 'A', '0', 2, '2009-08-27'),
('284', 'wsm', 'A', '0', 2, '2009-08-27'),
('285', 'agam kencana', 'A', '0', 2, '2009-08-27'),
('286', 'aroma', 'A', '0', 2, '2009-08-27'),
('287', 'rusdy', 'A', '0', 2, '2009-08-27'),
('288', 'cosset', 'A', '0', 2, '2009-08-27'),
('289', 'hana', 'A', '0', 2, '2009-08-27'),
('28A', 'lancar', 'A', '0', 2, '2009-08-27'),
('28B', 'riva', 'A', '0', 2, '2009-08-27'),
('28C', 'well', 'A', '0', 2, '2009-08-27'),
('28D', 'arma', 'A', '0', 2, '2009-08-27'),
('28E', 'top jeans', 'A', '0', 2, '2009-08-27'),
('28F', 'vista fashion', 'A', '0', 2, '2009-08-27'),
('28G', 'maju vela', 'A', '0', 2, '2009-08-27'),
('28H', 'mutiara piliang', 'A', '0', 2, '2009-08-27'),
('28J', 'trevira', 'A', '0', 2, '2009-08-27'),
('28K', 'pt. kasihkarunia', 'A', '0', 2, '2009-08-27'),
('28L', 'ud.inter', 'A', '0', 2, '2009-08-27'),
('290', '08163100593', 'A', '0', 2, '2009-08-27'),
('291', 'durban', 'A', '0', 2, '2009-08-27'),
('292', 'bonia / acui', 'A', '0', 2, '2009-08-27'),
('293', 'jdl', 'A', '0', 2, '2009-08-27'),
('294', 'jawa', 'A', '0', 2, '2009-08-27'),
('295', 'edi monaco', 'A', '0', 2, '2009-08-27'),
('296', 'jim audienc', 'A', '0', 2, '2009-08-27'),
('297', 'paten', 'A', '0', 2, '2009-08-27'),
('298', 'asean', 'A', '0', 2, '2009-08-27'),
('299', 'ud. hesti', 'A', '0', 2, '2009-08-27'),
('29A', 'helen', 'A', '0', 2, '2009-08-27'),
('29B', 'asean', 'A', '0', 2, '2009-08-27'),
('29C', 'ivory', 'A', '0', 2, '2009-08-27'),
('29D', 'bebe', 'A', '0', 2, '2009-08-27'),
('29E', 'radiant', 'A', '0', 2, '2009-08-27'),
('29F', 'overse', 'A', '0', 2, '2009-08-27'),
('29G', 'vicensha', 'A', '0', 2, '2009-08-27'),
('29H', 'al  ridho', 'A', '0', 2, '2009-08-27'),
('29J', 'milano', 'A', '0', 2, '2009-08-27'),
('29K', 'indah jaya / tas', 'A', '0', 2, '2009-08-27'),
('29L', 'busana baru', 'A', '0', 2, '2009-08-27'),
('300', 'sutomo', 'A', '0', 2, '2009-08-27'),
('301', 'i &r', 'A', '0', 2, '2009-08-27'),
('302', 'palangkaraya', 'A', '0', 2, '2009-08-27'),
('303', 'ud. maju jaya', 'A', '0', 2, '2009-08-27'),
('304', 'ud. jaya putera mandiri', 'A', '0', 2, '2009-08-27'),
('305', 'berdikari', 'A', '0', 2, '2009-08-27'),
('306', 'queen', 'A', '0', 2, '2009-08-27'),
('307', 'mordian group', 'A', '0', 2, '2009-08-27'),
('308', 'jaya putera mandiri', 'A', '0', 2, '2009-08-27'),
('309', 'abd. rahman', 'A', '0', 2, '2009-08-27'),
('30A', 'wom', 'A', '0', 2, '2009-08-27'),
('30B', 'object', 'A', '0', 2, '2009-08-27'),
('30C', 'abel trend', 'A', '0', 2, '2009-08-27'),
('30D', 'syafira fsh', 'A', '0', 2, '2009-08-27'),
('30E', 'shelsha', 'A', '0', 2, '2009-08-27'),
('30F', 'silver  hut', 'A', '0', 2, '2009-08-27'),
('30G', 'logano', 'A', '0', 2, '2009-08-27'),
('30H', 'kota indah', 'A', '0', 2, '2009-08-27'),
('30J', 'paris look', 'A', '0', 2, '2009-08-27'),
('30K', 'tahalli', 'A', '0', 2, '2009-08-27'),
('30L', 'diamond', 'A', '0', 2, '2009-08-27'),
('310', 'pt. prima sentosa', 'A', '0', 2, '2009-08-27'),
('311', 'fajar fashion', 'A', '0', 2, '2009-08-27'),
('312', 'bu ati', 'A', '0', 2, '2009-08-27'),
('313', 'swan', 'A', '0', 2, '2009-08-27'),
('314', 'applelyn', 'A', '0', 2, '2009-08-27'),
('315', 'hm. said', 'A', '0', 2, '2009-08-27'),
('316', 'tk. india', 'A', '0', 2, '2009-08-27'),
('317', 'rosiman', 'A', '0', 2, '2009-08-27'),
('318', 'bakti', 'A', '0', 2, '2009-08-27'),
('319', 'live''s', 'A', '0', 2, '2009-08-27'),
('31A', 'guang dong', 'A', '0', 2, '2009-08-27'),
('31B', 'imperial', 'A', '0', 2, '2009-08-27'),
('31C', 'f3 max & owen', 'A', '0', 2, '2009-08-27'),
('31D', 'neta', 'A', '0', 2, '2009-08-27'),
('31E', 'well world', 'A', '0', 2, '2009-08-27'),
('31F', 'remov', 'A', '0', 2, '2009-08-27'),
('31G', 'paula', 'A', '0', 2, '2009-08-27'),
('31H', 'aldi collection', 'A', '0', 2, '2009-08-27'),
('31J', 'yum (p.anak)', 'A', '0', 2, '2009-08-27'),
('31K', 'dua semangat', 'A', '0', 2, '2009-08-27'),
('31L', 'satelita', 'A', '0', 2, '2009-08-27'),
('320', 'setia tas', 'A', '0', 2, '2009-08-27'),
('321', 'pjw / poan', 'A', '0', 2, '2009-08-27'),
('322', 'soedy', 'A', '0', 2, '2009-08-27'),
('323', 'bahagia', 'A', '0', 2, '2009-08-27'),
('324', 'distro reload / fian siantar', 'A', '0', 2, '2009-08-27'),
('325', 'haqi', 'A', '0', 2, '2009-08-27'),
('326', 'mujur / tas', 'A', '0', 2, '2009-08-27'),
('327', 'gracia tasindo', 'A', '0', 2, '2009-08-27'),
('328', 'used', 'A', '0', 2, '2009-08-27'),
('32A', 'ribori', 'A', '0', 2, '2009-08-27'),
('32B', 'moda collection', 'A', '0', 2, '2009-08-27'),
('32C', 'sinar harapan', 'A', '0', 2, '2009-08-27'),
('32D', 'asess', 'A', '0', 2, '2009-08-27'),
('32E', 'horison club', 'A', '0', 2, '2009-08-27'),
('32F', 'al - amin', 'A', '0', 2, '2009-08-27'),
('32G', 'exs / tas', 'A', '0', 2, '2009-08-27'),
('32H', 'www. shop', 'A', '0', 2, '2009-08-27'),
('32J', 'w & s fashion', 'A', '0', 2, '2009-08-27'),
('32K', 'zerryca', 'A', '0', 2, '2009-08-27'),
('32L', 'mezzo', 'A', '0', 2, '2009-08-27'),
('333', 'foslo', 'A', '0', 2, '2009-08-27'),
('334', 'ir fashion', 'A', '0', 2, '2009-08-27'),
('335', 'tk.sigli', 'A', '0', 2, '2009-08-27'),
('336', 'samsu rizal', 'A', '0', 2, '2009-08-27'),
('337', 'img', 'A', '0', 2, '2009-08-27'),
('338', 'uni', 'A', '0', 2, '2009-08-27'),
('339', 'ud. kurnia', 'A', '0', 2, '2009-08-27'),
('33A', 'new fallan', 'A', '0', 2, '2009-08-27'),
('33B', 'wina', 'A', '0', 2, '2009-08-27'),
('33C', 'bio', 'A', '0', 2, '2009-08-27'),
('33D', 'al tasmal', 'A', '0', 2, '2009-08-27'),
('33E', 'group seven', 'A', '0', 2, '2009-08-27'),
('33F', 'vinci', 'A', '0', 2, '2009-08-27'),
('33G', 'anifa', 'A', '0', 2, '2009-08-27'),
('33H', 'animas', 'A', '0', 2, '2009-08-27'),
('33J', 'larosa', 'A', '0', 2, '2009-08-27'),
('33K', 'rini', 'A', '0', 2, '2009-08-27'),
('33L', 'pelopor', 'A', '0', 2, '2009-08-27'),
('340', 'bukti / peci', 'A', '0', 2, '2009-08-27'),
('341', 't - plus', 'A', '0', 2, '2009-08-27'),
('342', 'eltec', 'A', '0', 2, '2009-08-27'),
('343', 'vineza medan', 'A', '0', 2, '2009-08-27'),
('344', 'utama maju tas', 'A', '0', 2, '2009-08-27'),
('345', 'davi', 'A', '0', 2, '2009-08-27'),
('346', 'asia jaya toys', 'A', '0', 2, '2009-08-27'),
('347', 'bonia', 'A', '0', 2, '2009-08-27'),
('348', 'bun - kai', 'A', '0', 2, '2009-08-27'),
('349', 'slt - invoice', 'A', '0', 2, '2009-08-27'),
('34A', 'sahrul / un', 'A', '0', 2, '2009-08-27'),
('34B', 'eeze', 'A', '0', 2, '2009-08-27'),
('34C', 'jaya baru', 'A', '0', 2, '2009-08-27'),
('34D', 'me', 'A', '0', 2, '2009-08-27'),
('34E', 'vision', 'A', '0', 2, '2009-08-27'),
('34F', 'rafi production', 'A', '0', 2, '2009-08-27'),
('34G', 'viriya', 'A', '0', 2, '2009-08-27'),
('34H', 'snada', 'A', '0', 2, '2009-08-27'),
('34J', 'lia', 'A', '0', 2, '2009-08-27'),
('34K', 'romi / jilbab', 'A', '0', 2, '2009-08-27'),
('34L', 'hero busana', 'A', '0', 2, '2009-08-27'),
('350', 'sigli', 'A', '0', 2, '2009-08-27'),
('351', 'sporty rmp', 'A', '0', 2, '2009-08-27'),
('352', 'hendri', 'A', '0', 2, '2009-08-27'),
('35A', 'laris fashion', 'A', '0', 2, '2009-08-27'),
('35B', 'trisha', 'A', '0', 2, '2009-08-27'),
('35C', 'euro fiesta', 'A', '0', 2, '2009-08-27'),
('35D', 'lisan / blk a lt.ground', 'A', '0', 2, '2009-08-27'),
('35E', 'nicole fashion (rok)', 'A', '0', 2, '2009-08-27'),
('35F', 'ombar', 'A', '0', 2, '2009-08-27'),
('35G', 'mentari', 'A', '0', 2, '2009-08-27'),
('35H', 'bunfa ananda', 'A', '0', 2, '2009-08-27'),
('35J', 'harapan ibu', 'A', '0', 2, '2009-08-27'),
('35K', 'doza', 'A', '0', 2, '2009-08-27'),
('35L', 'aggio', 'A', '0', 2, '2009-08-27'),
('36A', 'tobago', 'A', '0', 2, '2009-08-27'),
('36B', 'e a fashion', 'A', '0', 2, '2009-08-27'),
('36C', 'asep collection', 'A', '0', 2, '2009-08-27'),
('36D', 'trend mode', 'A', '0', 2, '2009-08-27'),
('36E', 'cast jeans', 'A', '0', 2, '2009-08-27'),
('36F', 'yus jaya', 'A', '0', 2, '2009-08-27'),
('36G', 'repoint', 'A', '0', 2, '2009-08-27'),
('36H', 'will - da', 'A', '0', 2, '2009-08-27'),
('36J', 'chantique', 'A', '0', 2, '2009-08-27'),
('36K', 'orange lay', 'A', '0', 2, '2009-08-27'),
('36L', 'conco', 'A', '0', 2, '2009-08-27'),
('37A', 'f3l xl', 'A', '0', 2, '2009-08-27'),
('37B', 'piombo', 'A', '0', 2, '2009-08-27'),
('37C', 'mewah garment', 'A', '0', 2, '2009-08-27'),
('37D', 'irna collect', 'A', '0', 2, '2009-08-27'),
('37E', 'bundo kandung / trend jkt', 'A', '0', 2, '2009-08-27'),
('37F', 'lia jaya', 'A', '0', 2, '2009-08-27'),
('37G', 'her ling / hl', 'A', '0', 2, '2009-08-27'),
('37H', 'novel collection', 'A', '0', 2, '2009-08-27'),
('37J', 'nata busana', 'A', '0', 2, '2009-08-27'),
('37K', 'niar & manda', 'A', '0', 2, '2009-08-27'),
('37L', 'yessi busana', 'A', '0', 2, '2009-08-27'),
('38A', 'winstek collection', 'A', '0', 2, '2009-08-27'),
('38B', 'roseline', 'A', '0', 2, '2009-08-27'),
('38C', 'double f', 'A', '0', 2, '2009-08-27'),
('38D', 'rizky ananda', 'A', '0', 2, '2009-08-27'),
('38E', 'zhang ai', 'A', '0', 2, '2009-08-27'),
('38F', 'bandung', 'A', '0', 2, '2009-08-27'),
('38G', 'ben''s', 'A', '0', 2, '2009-08-27'),
('38H', 'hanova collection', 'A', '0', 2, '2009-08-27'),
('38J', 'usaha muda', 'A', '0', 2, '2009-08-27'),
('38K', 'miyuki', 'A', '0', 2, '2009-08-27'),
('38L', 'vokals', 'A', '0', 2, '2009-08-27'),
('39A', 'lisin', 'A', '0', 2, '2009-08-27'),
('39B', 'queenland', 'A', '0', 2, '2009-08-27'),
('39C', 'anwar', 'A', '0', 2, '2009-08-27'),
('39D', 'givara', 'A', '0', 2, '2009-08-27'),
('39E', 'a & l', 'A', '0', 2, '2009-08-27'),
('39F', 'elite', 'A', '0', 2, '2009-08-27'),
('39G', 'army look', 'A', '0', 2, '2009-08-27'),
('39H', 'wandy bag', 'A', '0', 2, '2009-08-27'),
('39J', 'great mastro', 'A', '0', 2, '2009-08-27'),
('39K', 'luky / bag', 'A', '0', 2, '2009-08-27'),
('39L', 'milindo', 'A', '0', 2, '2009-08-27'),
('40A', 'lee gue', 'A', '0', 2, '2009-08-27'),
('40B', 'lourend kid''s', 'A', '0', 2, '2009-08-27'),
('40C', 'new  bintang', 'A', '0', 2, '2009-08-27'),
('40D', 'mukarti', 'A', '0', 2, '2009-08-27'),
('40E', 'r & f', 'A', '0', 2, '2009-08-27'),
('40F', 'syafril rusli', 'A', '0', 2, '2009-08-27'),
('40G', 'ozela', 'A', '0', 2, '2009-08-27'),
('40H', 'serena', 'A', '0', 2, '2009-08-27'),
('40J', 'hj fashion', 'A', '0', 2, '2009-08-27'),
('40K', 'safira', 'A', '0', 2, '2009-08-27'),
('40L', 'sunjie / p. anak', 'A', '0', 2, '2009-08-27'),
('41A', 'hins collection', 'A', '0', 2, '2009-08-27'),
('41B', 'rajawali (pw)', 'A', '0', 2, '2009-08-27'),
('41C', 'mixit', 'A', '0', 2, '2009-08-27'),
('41D', 'kirana', 'A', '0', 2, '2009-08-27'),
('41E', 'ol & lo', 'A', '0', 2, '2009-08-27'),
('41F', 'ades rizal', 'A', '0', 2, '2009-08-27'),
('41G', 'cosmo', 'A', '0', 2, '2009-08-27'),
('41H', 'lotio', 'A', '0', 2, '2009-08-27'),
('41J', 'digasia pison', 'A', '0', 2, '2009-08-27'),
('41K', 'andhika jaya', 'A', '0', 2, '2009-08-27'),
('41L', 'usaha sentosa', 'A', '0', 2, '2009-08-27'),
('42A', 'gas ', 'A', '0', 2, '2009-08-27'),
('42B', 'kitty work', 'A', '0', 2, '2009-08-27'),
('42C', 'ken & ken sale / nicer2002', 'A', '0', 2, '2009-08-27'),
('42D', 'moving picture', 'A', '0', 2, '2009-08-27'),
('42E', 'hsl collection', 'A', '0', 2, '2009-08-27'),
('42F', 'andesra', 'A', '0', 2, '2009-08-27'),
('42G', 'celecrity', 'A', '0', 2, '2009-08-27'),
('42H', 'seven post', 'A', '0', 2, '2009-08-27'),
('42J', 'victoria', 'A', '0', 2, '2009-08-27'),
('42K', 'kresna', 'A', '0', 2, '2009-08-27'),
('42L', 'vinenso', 'A', '0', 2, '2009-08-27'),
('43A', 'belvire', 'A', '0', 2, '2009-08-27'),
('43B', 'nidia', 'A', '0', 2, '2009-08-27'),
('43C', 'conlia', 'A', '0', 2, '2009-08-27'),
('43D', 'junk shop', 'A', '0', 2, '2009-08-27'),
('43E', 'alfa omega', 'A', '0', 2, '2009-08-27'),
('43F', 'kong', 'A', '0', 2, '2009-08-27'),
('43G', 'mkb', 'A', '0', 2, '2009-08-27'),
('43H', 'white', 'A', '0', 2, '2009-08-27'),
('43J', 'cory''s', 'A', '0', 2, '2009-08-27'),
('43K', 'bij - u', 'A', '0', 2, '2009-08-27'),
('43L', 'joely', 'A', '0', 2, '2009-08-27'),
('44A', 'cristy', 'A', '0', 2, '2009-08-27'),
('44B', 'toscana', 'A', '0', 2, '2009-08-27'),
('44C', 'j & w', 'A', '0', 2, '2009-08-27'),
('44D', 'sun - shine', 'A', '0', 2, '2009-08-27'),
('44E', 'clay more', 'A', '0', 2, '2009-08-27'),
('44F', 'lorien', 'A', '0', 2, '2009-08-27'),
('44G', 'alwi', 'A', '0', 2, '2009-08-27'),
('44H', 'crystalite', 'A', '0', 2, '2009-08-27'),
('44J', 'vony', 'A', '0', 2, '2009-08-27'),
('44K', 'lee land', 'A', '0', 2, '2009-08-27'),
('44L', 'sunjaya (acesories)', 'A', '0', 2, '2009-08-27'),
('45A', 'mac by milias', 'A', '0', 2, '2009-08-27'),
('45B', 'faurina fsh', 'A', '0', 2, '2009-08-27'),
('45C', 'rebana', 'A', '0', 2, '2009-08-27'),
('45D', 'mc bee', 'A', '0', 2, '2009-08-27'),
('45E', 'doffa', 'A', '0', 2, '2009-08-27'),
('45F', 'surya jaya', 'A', '0', 2, '2009-08-27'),
('45G', 'ragam', 'A', '0', 2, '2009-08-27'),
('45H', 'portal', 'A', '0', 2, '2009-08-27'),
('45J', 'summeo', 'A', '0', 2, '2009-08-27'),
('45K', 'two 7', 'A', '0', 2, '2009-08-27'),
('45L', 'sama - sama', 'A', '0', 2, '2009-08-27'),
('46A', 'cahaya fashion', 'A', '0', 2, '2009-08-27'),
('46B', 'yoline', 'A', '0', 2, '2009-08-27'),
('46C', 'gadisza', 'A', '0', 2, '2009-08-27'),
('46D', 'agus', 'A', '0', 2, '2009-08-27'),
('46E', 'ladies', 'A', '0', 2, '2009-08-27'),
('46F', 'sae', 'A', '0', 2, '2009-08-27'),
('46G', 'ami accessories', 'A', '0', 2, '2009-08-27'),
('46H', 'andi', 'A', '0', 2, '2009-08-27'),
('46J', 'miko', 'A', '0', 2, '2009-08-27'),
('46K', 'nicer 2002', 'A', '0', 2, '2009-08-27'),
('46L', 'arta mode', 'A', '0', 2, '2009-08-27'),
('47A', 'penta fashion', 'A', '0', 2, '2009-08-27'),
('47B', 'yoen', 'A', '0', 2, '2009-08-27'),
('47C', 'moicini', 'A', '0', 2, '2009-08-27'),
('47D', 'renai rifaldi', 'A', '0', 2, '2009-08-27'),
('47E', 'za - za fsh', 'A', '0', 2, '2009-08-27'),
('47F', 'be fly', 'A', '0', 2, '2009-08-27'),
('47G', 'yuanco', 'A', '0', 2, '2009-08-27'),
('47H', 'blindado', 'A', '0', 2, '2009-08-27'),
('47J', 'alternatif', 'A', '0', 2, '2009-08-27'),
('47L', 'kindai', 'A', '0', 2, '2009-08-27'),
('48A', 'el - lys', 'A', '0', 2, '2009-08-27'),
('48B', 'best wear', 'A', '0', 2, '2009-08-27'),
('48C', 'm. club', 'A', '0', 2, '2009-08-27'),
('48D', 'arok', 'A', '0', 2, '2009-08-27'),
('48E', 'keito busana', 'A', '0', 2, '2009-08-27'),
('48F', 'sr collection', 'A', '0', 2, '2009-08-27'),
('48G', 'modern design', 'A', '0', 2, '2009-08-27'),
('48H', 'ren''s', 'A', '0', 2, '2009-08-27'),
('48J', 'valenta', 'A', '0', 2, '2009-08-27'),
('48K', 'visit', 'A', '0', 2, '2009-08-27'),
('48L', 'boenga', 'A', '0', 2, '2009-08-27'),
('49A', 'r & r', 'A', '0', 2, '2009-08-27'),
('49B', 'balet', 'A', '0', 2, '2009-08-27'),
('49C', 'violine', 'A', '0', 2, '2009-08-27'),
('49D', 'debora', 'A', '0', 2, '2009-08-27'),
('49E', 'onassis / midoriya', 'A', '0', 2, '2009-08-27'),
('49F', 'ridho collection', 'A', '0', 2, '2009-08-27'),
('49G', 'sun collection', 'A', '0', 2, '2009-08-27'),
('49H', 'brouze resear', 'A', '0', 2, '2009-08-27'),
('49J', 'vevi girl ', 'a', '0', 2, '2009-08-28'),
('49K', 'ref-er ', 'a', '0', 2, '2009-08-28'),
('49L', 'yana fashion ', 'a', '0', 2, '2009-08-28'),
('500', 'irsyad', 'Jakarta', '0216597895', 2, '2010-05-24'),
('50A', 'handrico ', 'A', '0', 2, '2009-08-28'),
('50B', 'gisella ', 'A', '0', 2, '2009-08-28'),
('50C', 'barbies ', 'A', '0', 2, '2009-08-28'),
('50D', 'isme kerudung ', 'A', '0', 2, '2009-08-28'),
('50E', 'sarang jeans ', 'A', '0', 2, '2009-08-28'),
('50F', 'e''des ', 'A', '0', 2, '2009-08-28'),
('50G', 'unisoul ', 'A', '0', 2, '2009-08-28'),
('50H', 'black hell ', 'A', '0', 2, '2009-08-28'),
('50J', 'citra jaya/ look out ', 'A', '0', 2, '2009-08-28'),
('50K', 'oletha (nuno& oletha) ', 'A', '0', 2, '2009-08-28'),
('50L', 'silvado ', 'A', '0', 2, '2009-08-28'),
('51A', 'nadya collection ', 'A', '0', 2, '2009-08-28'),
('51B', 'era makmur ', 'A', '0', 2, '2009-08-28'),
('51C', 'superman ', 'A', '0', 2, '2009-08-28'),
('51D', 'ym ', 'A', '0', 2, '2009-08-28'),
('51E', 'vinex ', 'A', '0', 2, '2009-08-28'),
('51F', 'susi (listy) ', 'A', '0', 2, '2009-08-28'),
('51G', 'cendana kid''s ', 'A', '0', 2, '2009-08-28'),
('51H', 'svr ', 'A', '0', 2, '2009-08-28'),
('51J', 'putera allay ', 'A', '0', 2, '2009-08-28'),
('51K', 'mina jaya ', 'A', '0', 2, '2009-08-28'),
('51L', 'andrea ', 'A', '0', 2, '2009-08-28'),
('52A', 'mmc ', 'A', '0', 2, '2009-08-28'),
('52B', 'indra/gm ', 'A', '0', 2, '2009-08-28'),
('52C', 'veeco ', 'A', '0', 2, '2009-08-28'),
('52D', 'din collection ', 'A', '0', 2, '2009-08-28'),
('52E', 'millenium ', 'A', '0', 2, '2009-08-28'),
('52F', 'sandro collection ', 'A', '0', 2, '2009-08-28'),
('52G', 'gold star ', 'A', '0', 2, '2009-08-28'),
('52H', 'dian ', 'A', '0', 2, '2009-08-28'),
('52J', 'hendri jaya ', 'A', '0', 2, '2009-08-28'),
('52K', 'k-178 ', 'A', '0', 2, '2009-08-28'),
('52L', 'giani ', 'A', '0', 2, '2009-08-28'),
('53A', 'arema jaya ', 'A', '0', 2, '2009-08-28'),
('53B', 'guccy ', 'A', '0', 2, '2009-08-28'),
('53C', 'kerja sama ', 'A', '0', 2, '2009-08-28'),
('53D', 'indra ', 'A', '0', 2, '2009-08-28'),
('53E', 'ai ly ', 'A', '0', 2, '2009-08-28'),
('53F', 'rayhan ', 'A', '0', 2, '2009-08-28'),
('53G', 'hk-mode ', 'A', '0', 2, '2009-08-28'),
('53H', 'incrush ', 'A', '0', 2, '2009-08-28'),
('53J', 'diva ', 'A', '0', 2, '2009-08-28'),
('53K', 'oposit ', 'A', '0', 2, '2009-08-28'),
('53L', 'osaka ', 'A', '0', 2, '2009-08-28'),
('54A', 'mitra sari ', 'A', '0', 2, '2009-08-28'),
('54B', 'pizerl ', 'A', '0', 2, '2009-08-28'),
('54C', 'ryan sari ', 'A', '0', 2, '2009-08-28'),
('54D', 'fachri sport ', 'A', '0', 2, '2009-08-28'),
('54E', 'blok. a bct cpl ', 'A', '0', 2, '2009-08-28'),
('54F', 'tarisa ', 'A', '0', 2, '2009-08-28'),
('54G', 'hazel ', 'A', '0', 2, '2009-08-28'),
('54H', 'new violet ', 'A', '0', 2, '2009-08-28'),
('54J', 'alwi moslem ', 'A', '0', 2, '2009-08-28'),
('54K', 'yubari ', 'A', '0', 2, '2009-08-28'),
('54L', 'banca ', 'A', '0', 2, '2009-08-28'),
('55A', 'yola (pa cipulir) ', 'A', '0', 2, '2009-08-28'),
('55B', 'cherry kid''s ', 'A', '0', 2, '2009-08-28'),
('55C', 'shania ', 'A', '0', 2, '2009-08-28'),
('55D', 'j & a collection ', 'A', '0', 2, '2009-08-28'),
('55E', 'sarasi ', 'A', '0', 2, '2009-08-28'),
('55F', 'eriska ', 'A', '0', 2, '2009-08-28'),
('55G', 'gita ', 'A', '0', 2, '2009-08-28'),
('55H', 'hen jaya ', 'A', '0', 2, '2009-08-28'),
('55J', 'rico production ', 'A', '0', 2, '2009-08-28'),
('55K', 'toko 999 ', 'A', '0', 2, '2009-08-28'),
('55L', 'cree collection ', 'A', '0', 2, '2009-08-28'),
('56A', 'wina prince ', 'A', '0', 2, '2009-08-28'),
('56B', 'k-one ', 'A', '0', 2, '2009-08-28'),
('56C', 'paolo rifki ', 'A', '0', 2, '2009-08-28'),
('56D', 'masterino ', 'A', '0', 2, '2009-08-28'),
('56E', 'marco senior ', 'A', '0', 2, '2009-08-28'),
('56F', 'm.lines ', 'A', '0', 2, '2009-08-28'),
('56G', 'vicson ', 'A', '0', 2, '2009-08-28'),
('56H', 'bintang baru ', 'A', '0', 2, '2009-08-28'),
('56J', 'spencer ', 'A', '0', 2, '2009-08-28'),
('56K', 'bc fashion ', 'A', '0', 2, '2009-08-28'),
('56L', 'sinar jaya ', 'A', '0', 2, '2009-08-28'),
('57A', 'new varia ', 'A', '0', 2, '2009-08-28'),
('57B', 'paris jaya ', 'A', '0', 2, '2009-08-28'),
('57C', 'x-four/rizal ', 'A', '0', 2, '2009-08-28'),
('57D', 'latoya ', 'A', '0', 2, '2009-08-28'),
('57E', 'sari jaya/ s & j ', 'A', '0', 2, '2009-08-28'),
('57F', 'give thanks ', 'A', '0', 2, '2009-08-28'),
('57G', 'lamoda ', 'A', '0', 2, '2009-08-28'),
('57H', 'abadi accessories ', 'A', '0', 2, '2009-08-28'),
('57J', 'caurel ', 'A', '0', 2, '2009-08-28'),
('57K', 'jaco kid''s ', 'A', '0', 2, '2009-08-28'),
('57L', 'exclusive ', 'A', '0', 2, '2009-08-28'),
('58A', 'denaro ', 'A', '0', 2, '2009-08-28'),
('58B', 'tuxedo ', 'A', '0', 2, '2009-08-28'),
('58C', 'orbit ', 'A', '0', 2, '2009-08-28'),
('58D', 'lafiesta ', 'A', '0', 2, '2009-08-28'),
('58E', 'damai metro ', 'A', '0', 2, '2009-08-28'),
('58F', 'm.rizki ', 'A', '0', 2, '2009-08-28'),
('58G', 'd''jack ', 'A', '0', 2, '2009-08-28'),
('58H', 'lestari/tas ', 'A', '0', 2, '2009-08-28'),
('58J', 'samudra ', 'A', '0', 2, '2009-08-28'),
('58K', 'lemon grass ', 'A', '0', 2, '2009-08-28'),
('58L', 'hen ', 'A', '0', 2, '2009-08-28'),
('59A', 'salim ', 'A', '0', 2, '2009-08-28'),
('59B', 'giat makmur ', 'A', '0', 2, '2009-08-28'),
('59C', 'finger ', 'A', '0', 2, '2009-08-28'),
('59D', 'jolie ', 'A', '0', 2, '2009-08-28'),
('59E', 'daikoku&justian ', 'A', '0', 2, '2009-08-28'),
('59F', 'docomo ', 'A', '0', 2, '2009-08-28'),
('59G', 'x-ray bandung ', 'A', '0', 2, '2009-08-28'),
('59H', 'harapan ', 'A', '0', 2, '2009-08-28'),
('59J', 'johan ', 'A', '0', 2, '2009-08-28'),
('59K', 'trump ', 'A', '0', 2, '2009-08-28'),
('59L', 'mayomi ', 'A', '0', 2, '2009-08-28'),
('60A', 'all season ', 'A', '0', 2, '2009-08-28'),
('60B', 'hawe ', 'A', '0', 2, '2009-08-28'),
('60C', 'summer ', 'A', '0', 2, '2009-08-28'),
('60D', 'airborne ', 'A', '0', 2, '2009-08-28'),
('60E', 'michiko ', 'A', '0', 2, '2009-08-28'),
('60F', 'dua saudara ', 'A', '0', 2, '2009-08-28'),
('60G', 'sas ', 'A', '0', 2, '2009-08-28'),
('60H', 'miody ', 'A', '0', 2, '2009-08-28'),
('60J', 'yoe''s ', 'A', '0', 2, '2009-08-28'),
('60K', 'dj kid''s ', 'A', '0', 2, '2009-08-28'),
('60L', 'sinta accessories ', 'A', '0', 2, '2009-08-28'),
('61A', 'no risk ', 'A', '0', 2, '2009-08-28'),
('61B', 'coco collection ', 'A', '0', 2, '2009-08-28'),
('61C', 'u'' beuty ', 'A', '0', 2, '2009-08-28'),
('61D', 'nayla ', 'A', '0', 2, '2009-08-28'),
('61E', 'for kid''s ', 'A', '0', 2, '2009-08-28'),
('61F', 're ', 'A', '0', 2, '2009-08-28'),
('61G', 'olivia ', 'A', '0', 2, '2009-08-28'),
('61H', 'neyza ', 'A', '0', 2, '2009-08-28'),
('61J', 'sinar jakarta', 'A', '0', 2, '2009-08-28'),
('61K', 'sara/tas ', 'A', '0', 2, '2009-08-28'),
('61L', 'jbl 99 ', 'A', '0', 2, '2009-08-28'),
('62A', 'albee ', 'A', '0', 2, '2009-08-28'),
('62B', 'lengkong ', 'A', '0', 2, '2009-08-28'),
('62C', 'lissie ', 'A', '0', 2, '2009-08-28'),
('62D', 'central ', 'A', '0', 2, '2009-08-28'),
('62E', 'cobis ', 'A', '0', 2, '2009-08-28'),
('62F', 'pinko ', 'A', '0', 2, '2009-08-28'),
('62G', 'star ', 'A', '0', 2, '2009-08-28'),
('62H', 'lucky star ', 'A', '0', 2, '2009-08-28'),
('62J', 'baru ams ', 'A', '0', 2, '2009-08-28'),
('62K', 'carli hand bag ', 'A', '0', 2, '2009-08-28'),
('62L', 'new star ', 'A', '0', 2, '2009-08-28'),
('63A', 'anna fashion ', 'A', '0', 2, '2009-08-28'),
('63B', 'dictionnaire ', 'A', '0', 2, '2009-08-28'),
('63C', 'andre collection/ jilbab ', 'A', '0', 2, '2009-08-28'),
('63D', 'dinasty ', 'A', '0', 2, '2009-08-28'),
('63E', 'm 231 ', 'A', '0', 2, '2009-08-28'),
('63F', 'damar ', 'A', '0', 2, '2009-08-28'),
('63G', 'al ', 'A', '0', 2, '2009-08-28'),
('63H', 'permai ', 'A', '0', 2, '2009-08-28'),
('63J', 'bul-beri ', 'A', '0', 2, '2009-08-28'),
('63K', 'blitz ', 'A', '0', 2, '2009-08-28'),
('63L', 'giovano ', 'A', '0', 2, '2009-08-28'),
('64A', 'fashion plus ', 'A', '0', 2, '2009-08-28'),
('64B', 'pesona ', 'A', '0', 2, '2009-08-28'),
('64C', 'hundred ', 'A', '0', 2, '2009-08-28'),
('64D', 'chevron ', 'A', '0', 2, '2009-08-28'),
('64E', 'afrizal ', 'A', '0', 2, '2009-08-28'),
('64F', 'mhd.rizal ', 'A', '0', 2, '2009-08-28'),
('64G', 'pt. aneka busana indah ', 'A', '0', 2, '2009-08-28'),
('64H', 'shock system ', 'A', '0', 2, '2009-08-28'),
('64J', 'dioren ', 'A', '0', 2, '2009-08-28'),
('64K', 'estuary ', 'A', '0', 2, '2009-08-28'),
('64L', 'monita ', 'A', '0', 2, '2009-08-28'),
('65A', 'bintang jaya/ dompet ', 'A', '0', 2, '2009-08-28'),
('65B', 'alila ', 'A', '0', 2, '2009-08-28'),
('65C', 'adang/ jilbab ', 'A', '0', 2, '2009-08-28'),
('65D', 'de''big ', 'A', '0', 2, '2009-08-28');
INSERT INTO `supplier` (`sup_code`, `sup_name`, `sup_address`, `sup_phone`, `op_code`, `entry_date`) VALUES
('65E', 'ud. ridho garment ', 'A', '0', 2, '2009-08-28'),
('65F', 'mustari ', 'A', '0', 2, '2009-08-28'),
('65G', 'zamora fashion ', 'A', '0', 2, '2009-08-28'),
('65H', 'gn ', 'A', '0', 2, '2009-08-28'),
('65J', 'jupiter ', 'A', '0', 2, '2009-08-28'),
('65K', 'u-best 323 ', 'A', '0', 2, '2009-08-28'),
('65L', 'yunita two ', 'A', '0', 2, '2009-08-28'),
('66A', 'shinta ', 'A', '0', 2, '2009-08-28'),
('66B', 'hokie ', 'A', '0', 2, '2009-08-28'),
('66C', 'siau long lie ', 'A', '0', 2, '2009-08-28'),
('66D', 'ria ', 'A', '0', 2, '2009-08-28'),
('66E', 'aristocrat garment ', 'A', '0', 2, '2009-08-28'),
('66F', 'al-marwah ', 'A', '0', 2, '2009-08-28'),
('66G', 'prima arloji ', 'A', '0', 2, '2009-08-28'),
('66H', 'julians ', 'A', '0', 2, '2009-08-28'),
('66J', 'sanjaya ', 'A', '0', 2, '2009-08-28'),
('66K', 'muuks ', 'A', '0', 2, '2009-08-28'),
('66L', 'syakir ', 'A', '0', 2, '2009-08-28'),
('66R', 'rizal  ', 'A', '0', 2, '2009-08-28'),
('67A', 'ernie collection ', 'A', '0', 2, '2009-08-28'),
('67B', 'indo kid''s ', 'A', '0', 2, '2009-08-28'),
('67C', 'siriya ', 'A', '0', 2, '2009-08-28'),
('67D', 'esse ', 'A', '0', 2, '2009-08-28'),
('67E', 'richita ', 'A', '0', 2, '2009-08-28'),
('67F', 'kubu indah ', 'A', '0', 2, '2009-08-28'),
('67G', 'sophie ', 'A', '0', 2, '2009-08-28'),
('67H', 'roxygen/ it''s me ', 'A', '0', 2, '2009-08-28'),
('68H', 'eka jaya ', 'A', '0', 2, '2009-08-28'),
('68J', 'diana ', 'A', '0', 2, '2009-08-28'),
('68K', 'casela ', 'A', '0', 2, '2009-08-28'),
('68L', 'stivers ', 'A', '0', 2, '2009-08-28'),
('69A', 'black list ', 'A', '0', 2, '2009-08-28'),
('69B', 'ag ', 'A', '0', 2, '2009-08-28'),
('69C', 'yong yan  ', 'A', '0', 2, '2009-08-28'),
('69D', 'timoty ', 'A', '0', 2, '2009-08-28'),
('69E', 'link fashion ', 'A', '0', 2, '2009-08-28'),
('69F', 'lolita ', 'A', '0', 2, '2009-08-28'),
('69G', 'shop centre ', 'A', '0', 2, '2009-08-28'),
('69H', 'duta muslim ', 'A', '0', 2, '2009-08-28'),
('69J', 'edissy ', 'A', '0', 2, '2009-08-28'),
('69K', 'trailer ', 'A', '0', 2, '2009-08-28'),
('69L', 'cendana ', 'A', '0', 2, '2009-08-28'),
('70A', 'mana suka ', 'A', '0', 2, '2009-08-28'),
('70B', 'hello (p.anak) ', 'A', '0', 2, '2009-08-28'),
('70C', 'nina kid''s ', 'A', '0', 2, '2009-08-28'),
('70D', 'indah murni ', 'A', '0', 2, '2009-08-28'),
('70E', 'trendy collection ', 'A', '0', 2, '2009-08-28'),
('70F', 'espede ', 'A', '0', 2, '2009-08-28'),
('70G', 'lia children ', 'A', '0', 2, '2009-08-28'),
('70H', 'berkah bunda ', 'A', '0', 2, '2009-08-28'),
('70J', 'rossy''z ', 'A', '0', 2, '2009-08-28'),
('70K', 'elshadai ', 'A', '0', 2, '2009-08-28'),
('70L', 'top gin ', 'A', '0', 2, '2009-08-28'),
('71A', 'zaini berkah ', 'A', '0', 2, '2009-08-28'),
('71B', 'young-young ', 'A', '0', 2, '2009-08-28'),
('71C', 'jawa indah ', 'A', '0', 2, '2009-08-28'),
('71D', 'mega & scarf ', 'A', '0', 2, '2009-08-28'),
('71E', 'grandee ', 'A', '0', 2, '2009-08-28'),
('71F', 'x-pose bandung ', 'A', '0', 2, '2009-08-28'),
('71G', 'elsa fajar ', 'A', '0', 2, '2009-08-28'),
('71H', 'cici n caca ', 'A', '0', 2, '2009-08-28'),
('71J', 'wendy ', 'A', '0', 2, '2009-08-28'),
('71K', 'yang-yang''s ', 'A', '0', 2, '2009-08-28'),
('71L', 'allysa ', 'A', '0', 2, '2009-08-28'),
('72A', 'grace fashion ', 'A', '0', 2, '2009-08-28'),
('72B', 'verry vera ', 'A', '0', 2, '2009-08-28'),
('72C', 'h. syaiful ', 'a', '0', 2, '2009-08-28'),
('72D', 'diana collection ', 'A', '0', 2, '2009-08-28'),
('72E', 'genki & pils ', 'A', '0', 2, '2009-08-28'),
('72F', 'afivah ', 'A', '0', 2, '2009-08-28'),
('72G', 'p.hen ', 'A', '0', 2, '2009-08-28'),
('72H', 'mutiara indah ', 'A', '0', 2, '2009-08-28'),
('72J', 'fajar mas ', 'A', '0', 2, '2009-08-28'),
('72K', 'viria ', 'A', '0', 2, '2009-08-28'),
('72L', 'iw-k ', 'A', '0', 2, '2009-08-28'),
('73A', 'miss to mom ', 'A', '0', 2, '2009-08-28'),
('73B', 'junior house ', 'A', '0', 2, '2009-08-28'),
('73C', 'm.nafir ', 'A', '0', 2, '2009-08-28'),
('73D', 'citra buana ', 'A', '0', 2, '2009-08-28'),
('73E', 'bm ', 'A', '0', 2, '2009-08-28'),
('73F', 'wui-wei ', 'A', '0', 2, '2009-08-28'),
('73G', 'adellia ', 'A', '0', 2, '2009-08-28'),
('73H', 'paris import ', 'A', '0', 2, '2009-08-28'),
('73J', 'merizona ', 'A', '0', 2, '2009-08-28'),
('73K', 'kimtex ', 'A', '0', 2, '2009-08-28'),
('73L', 'laris (cipulir blus) ', 'A', '0', 2, '2009-08-28'),
('74A', 'anabela fashion ', 'A', '0', 2, '2009-08-28'),
('74B', 'milton ', 'A', '0', 2, '2009-08-28'),
('74C', 'reffa ', 'A', '0', 2, '2009-08-28'),
('74D', 'central asia ', 'A', '0', 2, '2009-08-28'),
('74E', 'ringga ', 'A', '0', 2, '2009-08-28'),
('74F', 'fatea fsh ', 'A', '0', 2, '2009-08-28'),
('74G', 'owy zowy ', 'A', '0', 2, '2009-08-28'),
('74H', 'cardigan ', 'A', '0', 2, '2009-08-28'),
('74J', 'd & e ', 'A', '0', 2, '2009-08-28'),
('74K', 'rollink blank ', 'A', '0', 2, '2009-08-28'),
('74L', 'budy family ', 'A', '0', 2, '2009-08-28'),
('75A', 'sport girl ', 'A', '0', 2, '2009-08-28'),
('75B', 'subur ', 'A', '0', 2, '2009-08-28'),
('75C', 'sa''mande ', 'A', '0', 2, '2009-08-28'),
('75D', 'double fish ', 'A', '0', 2, '2009-08-28'),
('75E', 'fuma ', 'A', '0', 2, '2009-08-28'),
('75F', 'bintang tiga putera ', 'A', '0', 2, '2009-08-28'),
('75G', 'hokisso ', 'A', '0', 2, '2009-08-28'),
('75H', 'tims ', 'A', '0', 2, '2009-08-28'),
('75J', 'j.cc ', 'A', '0', 2, '2009-08-28'),
('75K', 'm.i.l ', 'A', '0', 2, '2009-08-28'),
('75L', 'eky/ boma sport ', 'A', '0', 2, '2009-08-28'),
('76A', 'donata collection ', 'A', '0', 2, '2009-08-28'),
('76B', 'jm collection ', 'A', '0', 2, '2009-08-28'),
('76C', 'phing-phing ', 'A', '0', 2, '2009-08-28'),
('76D', 'x-line ', 'A', '0', 2, '2009-08-28'),
('76E', 'cargo ', 'A', '0', 2, '2009-08-28'),
('76F', 'jaya raya ', 'A', '0', 2, '2009-08-28'),
('76G', 'shang hai ', 'A', '0', 2, '2009-08-28'),
('76H', 'bom collection ', 'A', '0', 2, '2009-08-28'),
('76J', 'lebel ', 'A', '0', 2, '2009-08-28'),
('76K', 'rk/ek ', 'A', '0', 2, '2009-08-28'),
('76L', 'success ', 'A', '0', 2, '2009-08-28'),
('77A', 'atalie ', 'A', '0', 2, '2009-08-28'),
('77B', 'pufin ', 'A', '0', 2, '2009-08-28'),
('77C', 'fashion mode ', 'A', '0', 2, '2009-08-28'),
('77D', 'b.138/ natasha ', 'A', '0', 2, '2009-08-28'),
('77E', 'via-n ', 'A', '0', 2, '2009-08-28'),
('77F', 'daus fadilla ', 'A', '0', 2, '2009-08-28'),
('77G', 'coco ', 'A', '0', 2, '2009-08-28'),
('77H', 'fiola collection ', 'A', '0', 2, '2009-08-28'),
('77J', 'sisca monica ', 'A', '0', 2, '2009-08-28'),
('77K', 'mei-zha ', 'A', '0', 2, '2009-08-28'),
('77L', 'co plus ', 'A', '0', 2, '2009-08-28'),
('78A', 'arlina ', 'A', '0', 2, '2009-08-28'),
('78B', 'dolphin ', 'A', '0', 2, '2009-08-28'),
('78C', 'bom kid''s ', 'A', '0', 2, '2009-08-28'),
('78D', 'cantik ', 'A', '0', 2, '2009-08-28'),
('78E', 'kengo ', 'A', '0', 2, '2009-08-28'),
('78F', 'lemon ', 'A', '0', 2, '2009-08-28'),
('78G', 'harapan/ accessories ', 'A', '0', 2, '2009-08-28'),
('78H', 'gauccy ', 'A', '0', 2, '2009-08-28'),
('78J', 'sherif ', 'A', '0', 2, '2009-08-28'),
('78K', 'megumi ', 'A', '0', 2, '2009-08-28'),
('78L', 'lai-lai fashion ', 'A', '0', 2, '2009-08-28'),
('79A', 'angel ', 'A', '0', 2, '2009-08-28'),
('79B', 'little angel ', 'A', '0', 2, '2009-08-28'),
('79C', 'twenty one ', 'A', '0', 2, '2009-08-28'),
('79D', 'cherry metro ', 'A', '0', 2, '2009-08-28'),
('79E', 'makmur jaya ', 'A', '0', 2, '2009-08-28'),
('79F', 'yenling ', 'A', '0', 2, '2009-08-28'),
('79G', 'ws ', 'A', '0', 2, '2009-08-28'),
('79H', 'bersaudara ', 'A', '0', 2, '2009-08-28'),
('79J', 'new makmur ', 'A', '0', 2, '2009-08-28'),
('79K', 'juliana ', 'A', '0', 2, '2009-08-28'),
('79L', 'rama jaya ', 'A', '0', 2, '2009-08-28'),
('80A', 'one fish ', 'A', '0', 2, '2009-08-28'),
('80B', 'jersey ', 'A', '0', 2, '2009-08-28'),
('80C', 'parahyangan ', 'A', '0', 2, '2009-08-28'),
('80D', 'cruse 72 ', 'A', '0', 2, '2009-08-28'),
('80E', 'amurang ', 'A', '0', 2, '2009-08-28'),
('80F', 'fadia ', 'A', '0', 2, '2009-08-28'),
('80G', 'vaderi ', 'A', '0', 2, '2009-08-28'),
('80H', 'jaya busana ', 'A', '0', 2, '2009-08-28'),
('80J', 'planet auri ', 'A', '0', 2, '2009-08-28'),
('80K', 'mira garment ', 'A', '0', 2, '2009-08-28'),
('80L', 'h. marwan ', 'A', '0', 2, '2009-08-28'),
('81A', 'era baru ( imitasi) ', 'A', '0', 2, '2009-08-28'),
('81B', 'jim boss ', 'A', '0', 2, '2009-08-28'),
('81C', 'super trend ', 'A', '0', 2, '2009-08-28'),
('81D', 'kitty kids ', 'A', '0', 2, '2009-08-28'),
('81E', 'fat boy ', 'A', '0', 2, '2009-08-28'),
('81F', 'salibu ', 'A', '0', 2, '2009-08-28'),
('81G', 'star light ', 'A', '0', 2, '2009-08-28'),
('81H', 'lf two fsh ', 'A', '0', 2, '2009-08-28'),
('81J', 'ozone ', 'A', '0', 2, '2009-08-28'),
('81K', 'delicia ', 'A', '0', 2, '2009-08-28'),
('81L', 'new mode ', 'A', '0', 2, '2009-08-28'),
('82A', 'inigo ', 'A', '0', 2, '2009-08-28'),
('82B', 'i''nch ', 'A', '0', 2, '2009-08-28'),
('82C', 'debby ', 'A', '0', 2, '2009-08-28'),
('82D', 'modesta ', 'A', '0', 2, '2009-08-28'),
('82E', 'indah jaya ', 'A', '0', 2, '2009-08-28'),
('82F', 'wk ', 'A', '0', 2, '2009-08-28'),
('82G', 'esemel ', 'A', '0', 2, '2009-08-28'),
('82H', 'miracle ', 'A', '0', 2, '2009-08-28'),
('82J', 'firdaus ', 'A', '0', 2, '2009-08-28'),
('82K', 'westnaco ', 'A', '0', 2, '2009-08-28'),
('82L', 'megah indah ', 'A', '0', 2, '2009-08-28'),
('83A', 'rini regito ', 'A', '0', 2, '2009-08-28'),
('83B', 'ant ', 'A', '0', 2, '2009-08-28'),
('83C', 'tem''s trans ', 'A', '0', 2, '2009-08-28'),
('83D', 'ksl ', 'A', '0', 2, '2009-08-28'),
('83E', 'de-mochist ', 'A', '0', 2, '2009-08-28'),
('83F', 'amin collection ', 'A', '0', 2, '2009-08-28'),
('83G', 'orange/ tas ', 'A', '0', 2, '2009-08-28'),
('83H', 'sadila scraf ', 'A', '0', 2, '2009-08-28'),
('83J', 'buwana ', 'A', '0', 2, '2009-08-28'),
('83K', 'dale kid''s ', 'a', '0', 2, '2009-08-28'),
('83L', 'ann ', 'A', '0', 2, '2009-08-28'),
('84A', 'new subur ', 'A', '0', 2, '2009-08-28'),
('84B', 'oxigen ', 'A', '0', 2, '2009-08-28'),
('84C', 'sinar mas ', 'A', '0', 2, '2009-08-28'),
('84D', 'lie jaya ', 'A', '0', 2, '2009-08-28'),
('84E', 'alisa ', 'A', '0', 2, '2009-08-28'),
('84F', 'kiddy island ', 'a', '0', 2, '2009-08-28'),
('84G', 'saten ', 'A', '0', 2, '2009-08-28'),
('84H', 'cahaya nabila ', 'A', '0', 2, '2009-08-28'),
('84J', 'top fashion ', 'A', '0', 2, '2009-08-28'),
('84K', 'jp boutique ', 'A', '0', 2, '2009-08-28'),
('84L', 'ideal ', 'A', '0', 2, '2009-08-28'),
('85A', 'new aneka ', 'A', '0', 2, '2009-08-28'),
('85B', 'mistrend ', 'A', '0', 2, '2009-08-28'),
('85C', 'nafir ', 'A', '0', 2, '2009-08-28'),
('85D', 'new trend ', 'A', '0', 2, '2009-08-28'),
('85E', 'dwi jaya ', 'A', '0', 2, '2009-08-28'),
('85F', 'chikita ', 'A', '0', 2, '2009-08-28'),
('85G', 'de most ', 'A', '0', 2, '2009-08-28'),
('85H', 'azzahra kerudung ', 'A', '0', 2, '2009-08-28'),
('85J', 'batik famor ', 'A', '0', 2, '2009-08-28'),
('85K', 'yeyen ', 'A', '0', 2, '2009-08-28'),
('85L', 'qq acccesories ', 'A', '0', 2, '2009-08-28'),
('86A', 'liana riza ', 'A', '0', 2, '2009-08-28'),
('86B', 'wb ', 'A', '0', 2, '2009-08-28'),
('86C', 'yamada ', 'A', '0', 2, '2009-08-28'),
('86D', 'akasha ', 'A', '0', 2, '2009-08-28'),
('86E', 'doa ibu ', 'A', '0', 2, '2009-08-28'),
('86F', 'melati ', 'A', '0', 2, '2009-08-28'),
('86G', 'usaha baru ', 'A', '0', 2, '2009-08-28'),
('86H', 'the story ', 'A', '0', 2, '2009-08-28'),
('86J', 'giovani ', 'A', '0', 2, '2009-08-28'),
('86K', 'buana trend ', 'A', '0', 2, '2009-08-28'),
('86L', 'panca warna ', 'A', '0', 2, '2009-08-28'),
('87A', 'red ', 'A', '0', 2, '2009-08-28'),
('87B', 'kid look''s ', 'A', '0', 2, '2009-08-28'),
('87C', 't&m ', 'A', '0', 2, '2009-08-28'),
('87D', 'midoriya ', 'A', '0', 2, '2009-08-28'),
('87E', 'funny children ', 'A', '0', 2, '2009-08-28'),
('87F', 'mina kid''s ', 'A', '0', 2, '2009-08-28'),
('87G', 'shin-in ', 'A', '0', 2, '2009-08-28'),
('87H', 'shin lie ', 'A', '0', 2, '2009-08-28'),
('87J', 'axa ', 'A', '0', 2, '2009-08-28'),
('87K', 'pacific indah ', 'A', '0', 2, '2009-08-28'),
('87L', 'prestige ', 'A', '0', 2, '2009-08-28'),
('88A', 'tip top ', 'A', '0', 2, '2009-08-28'),
('88B', 'female ', 'A', '0', 2, '2009-08-28'),
('88C', 'katty ', 'A', '0', 2, '2009-08-28'),
('88D', 'lie-lie fsh ', 'A', '0', 2, '2009-08-28'),
('88E', 'crome ', 'A', '0', 2, '2009-08-28'),
('88F', 'japaris ', 'A', '0', 2, '2009-08-28'),
('88G', 'shone', 'A', '0', 2, '2009-08-28'),
('88H', 'anugrah/jilbab ', 'A', '0', 2, '2009-08-28'),
('88J', 'madonna ', 'A', '0', 2, '2009-08-28'),
('88K', 'maeko ', 'A', '0', 2, '2009-08-28'),
('88L', 'misoka ', 'A', '0', 2, '2009-08-28'),
('89A', 'yes ellyn ', 'A', '0', 2, '2009-08-28'),
('89B', 'elsa rici ', 'A', '0', 2, '2009-08-28'),
('89C', 'shahiki ', 'A', '0', 2, '2009-08-28'),
('89E', 'hanjaya ', 'A', '0', 2, '2009-08-28'),
('89F', 'dapek ', 'A', '0', 2, '2009-08-28'),
('89G', 'h''ns ', 'A', '0', 2, '2009-08-28'),
('89H', 'bestari ', 'A', '0', 2, '2009-08-28'),
('89J', 'you & me ', 'A', '0', 2, '2009-08-28'),
('89K', 'pd. golden ', 'A', '0', 2, '2009-08-28'),
('89L', 'mus pojok ', 'A', '0', 2, '2009-08-28'),
('90A', 'jordan ', 'A', '0', 2, '2009-08-28'),
('90B', 'andre ', 'A', '0', 2, '2009-08-28'),
('90C', 'fk fashion ', 'A', '0', 2, '2009-08-28'),
('90D', 'r''bc ', 'A', '0', 2, '2009-08-28'),
('90E', 're&ri ', 'A', '0', 2, '2009-08-28'),
('90F', 'a&b kid''s ', 'A', '0', 2, '2009-08-28'),
('90G', 'garment ', 'A', '0', 2, '2009-08-28'),
('90H', 'iktiar collection ', 'A', '0', 2, '2009-08-28'),
('90J', 'sandra fashion ', 'A', '0', 2, '2009-08-28'),
('90K', 'didos club ', 'A', '0', 2, '2009-08-28'),
('90L', 'okawa jaya ', 'A', '0', 2, '2009-08-28'),
('91A', 'zeus ', 'A', '0', 2, '2009-08-28'),
('91B', 'callista ', 'A', '0', 2, '2009-08-28'),
('91C', 'piter pan ', 'A', '0', 2, '2009-08-28'),
('91D', 'induk konveksi ', 'A', '0', 2, '2009-08-28'),
('91E', 'zoggi ', 'A', '0', 2, '2009-08-28'),
('91F', 'uni kids ', 'A', '0', 2, '2009-08-28'),
('91G', 'repost ', 'A', '0', 2, '2009-08-28'),
('91H', 'sinar cahaya ', 'A', '0', 2, '2009-08-28'),
('91J', 'black coper ', 'A', '0', 2, '2009-08-28'),
('91K', 'happy yung ', 'A', '0', 2, '2009-08-28'),
('91L', 'guntiti ', 'A', '0', 2, '2009-08-28'),
('92A', 'maxi girl ', 'A', '0', 2, '2009-08-28'),
('92B', 'olive shop ', 'A', '0', 2, '2009-08-28'),
('92C', 'd''lima ', 'A', '0', 2, '2009-08-28'),
('92D', 'sydney ', 'A', '0', 2, '2009-08-28'),
('92E', 'crow ', 'A', '0', 2, '2009-08-28'),
('92F', 'jaclyn ', 'A', '0', 2, '2009-08-28'),
('92G', 'madane ', 'A', '0', 2, '2009-08-28'),
('92H', 'bintang ', 'A', '0', 2, '2009-08-28'),
('92J', 'deny jaya ', 'A', '0', 2, '2009-08-28'),
('92K', 'noby collection ', 'A', '0', 2, '2009-08-28'),
('92L', 'winter ', 'A', '0', 2, '2009-08-28'),
('93A', 'imito ', 'A', '0', 2, '2009-08-28'),
('93B', 'crown mas ', 'A', '0', 2, '2009-08-28'),
('93C', 'x.it ', 'A', '0', 2, '2009-08-28'),
('93D', 'chaniago ', 'A', '0', 2, '2009-08-28'),
('93E', 'je-jay ', 'A', '0', 2, '2009-08-28'),
('93F', 'alicia ', 'A', '0', 2, '2009-08-28'),
('93G', 'trans sieter ', 'A', '0', 2, '2009-08-28'),
('93H', 'voxy ', 'A', '0', 2, '2009-08-28'),
('93J', 'ekamoda ', 'A', '0', 2, '2009-08-28'),
('93K', 'alice fashion ', 'A', '0', 2, '2009-08-28'),
('93L', 'brazel ', 'A', '0', 2, '2009-08-28'),
('94A', 'vans ', 'A', '0', 2, '2009-08-28'),
('94B', 's.s garment ', 'A', '0', 2, '2009-08-28'),
('94C', 'ezio ', 'A', '0', 2, '2009-08-28'),
('94D', 'khatulistiwa ', 'A', '0', 2, '2009-08-28'),
('94E', 'onfire ', 'A', '0', 2, '2009-08-28'),
('94F', 'rafi busana ', 'A', '0', 2, '2009-08-28'),
('94G', 'knk ', 'A', '0', 2, '2009-08-28'),
('94H', 'm. jaya ', 'A', '0', 2, '2009-08-28'),
('94J', 'abadi ', 'A', '0', 2, '2009-08-28'),
('94K', 'cleo ', 'A', '0', 2, '2009-08-28'),
('94L', 'fudicia ', 'A', '0', 2, '2009-08-28'),
('95A', 'dior collection ', 'A', '0', 2, '2009-08-28'),
('95B', 'gj collection ', 'A', '0', 2, '2009-08-28'),
('95C', 'kitano ', 'A', '0', 2, '2009-08-28'),
('95D', 'elpin collection ', 'A', '0', 2, '2009-08-28'),
('95E', 'trinity ', 'A', '0', 2, '2009-08-28'),
('95F', 'heros ', 'A', '0', 2, '2009-08-28'),
('95G', 'chris king ', 'A', '0', 2, '2009-08-28'),
('95H', 'cipta hadi 2 ', 'A', '0', 2, '2009-08-28'),
('95J', 'mega ria ', 'A', '0', 2, '2009-08-28'),
('95K', 'tk.tasik ', 'A', '0', 2, '2009-08-28'),
('95L', 'surya ', 'A', '0', 2, '2009-08-28'),
('96A', 'kini& koko ', 'A', '0', 2, '2009-08-28'),
('96B', 'angel kids ', 'A', '0', 2, '2009-08-28'),
('96C', 'd''larosa ', 'A', '0', 2, '2009-08-28'),
('96D', 'salma scarf ', 'A', '0', 2, '2009-08-28'),
('96E', 'indra brother''s ', 'A', '0', 2, '2009-08-28'),
('96F', 'hoki& sheila ', 'A', '0', 2, '2009-08-28'),
('96G', 'stone ', 'A', '0', 2, '2009-08-28'),
('96H', 'the one ', 'A', '0', 2, '2009-08-28'),
('96J', 'panca indah busana ', 'A', '0', 2, '2009-08-28'),
('96K', 'al ikhsan bordir ', 'A', '0', 2, '2009-08-28'),
('96L', 'audi ', 'A', '0', 2, '2009-08-28'),
('97A', 'asia baru ', 'A', '0', 2, '2009-08-28'),
('97B', 'carol ', 'A', '0', 2, '2009-08-28'),
('97C', 'mordian group-klaten ', 'A', '0', 2, '2009-08-28'),
('97D', 'wawan ', 'A', '0', 2, '2009-08-28'),
('97E', 'jostien''s ', 'A', '0', 2, '2009-08-28'),
('97F', 'trelisa ', 'A', '0', 2, '2009-08-28'),
('97G', 'yabinhu ', 'A', '0', 2, '2009-08-28'),
('97H', 'tri jaya ', 'A', '0', 2, '2009-08-28'),
('97J', 'decoco ', 'A', '0', 2, '2009-08-28'),
('97K', 'zainab collection ', 'A', '0', 2, '2009-08-28'),
('97L', 'd & j ', 'A', '0', 2, '2009-08-28'),
('98A', 'pinly ', 'A', '0', 2, '2009-08-29'),
('98B', 'fajar fashion ', 'A', '0', 2, '2009-08-29'),
('98C', 'a/g ', 'A', '0', 2, '2009-08-29'),
('98D', 'million ', 'A', '0', 2, '2009-08-29'),
('98E', 'hj ', 'A', '0', 2, '2009-08-29'),
('98F', 'hunvee ', 'A', '0', 2, '2009-08-29'),
('98G', 'polaris ', 'A', '0', 2, '2009-08-29'),
('98H', 'ab kaca mata ', 'A', '0', 2, '2009-08-29'),
('98J', 'elon ', 'A', '0', 2, '2009-08-29'),
('98K', 'chrisedo ', 'A', '0', 2, '2009-08-29'),
('98L', 'anggara busana ', 'A', '0', 2, '2009-08-29'),
('99A', 'relatif ', 'A', '0', 2, '2009-08-29'),
('99B', 'michelle kid''s ', 'A', '0', 2, '2009-08-29'),
('99C', 'kimberly ', 'A', '0', 2, '2009-08-29'),
('99D', 'lindae & serena ', 'A', '0', 2, '2009-08-29'),
('99E', 'king of king ', 'A', '0', 2, '2009-08-29'),
('99F', 'mutan jeans ', 'A', '0', 2, '2009-08-29'),
('99G', 'serasi jaya ', 'A', '0', 2, '2009-08-29'),
('99H', 'a.k fashion ', 'A', '0', 2, '2009-08-29'),
('99J', 'clc ', 'A', '0', 2, '2009-08-28'),
('99K', 'sherin fashion ', 'A', '0', 2, '2009-08-28'),
('99L', 'lucky ', 'A', '0', 2, '2009-08-28'),
('A01', 'tandsa ', 'A', '0', 2, '2009-08-28'),
('A02', 'reilo ', 'A', '0', 2, '2009-08-28'),
('A03', 'surya indah ', 'A', '0', 2, '2009-08-28'),
('A04', 'aw trend ', 'A', '0', 2, '2009-08-28'),
('A05', 'envy ', 'A', '0', 2, '2009-08-28'),
('A06', 'visel fashion ', 'A', '0', 2, '2009-08-28'),
('A07', 'riki fashion ', 'A', '0', 2, '2009-08-28'),
('A09', 'merchying ', 'A', '0', 2, '2009-08-28'),
('A10', 'kim kim ', 'A', '0', 2, '2009-08-28'),
('A11', 'helina bandung ', 'A', '0', 2, '2009-08-28'),
('A12', 'laris (prta bls) ', 'A', '0', 2, '2009-08-28'),
('A13', 'borneo ', 'A', '0', 2, '2009-08-28'),
('A14', 'dhaymas ', 'A', '0', 2, '2009-08-28'),
('A15', 'capella ', 'A', '0', 2, '2009-08-28'),
('A16', 'diva fsh ', 'A', '0', 2, '2009-08-28'),
('A17', 'hongkong ', 'A', '0', 2, '2009-08-29'),
('A18', 'dioci ', 'A', '0', 2, '2009-08-29'),
('A19', 'jay ', 'A', '0', 2, '2009-08-29'),
('A20', 'sumber jaya ', 'A', '0', 2, '2009-08-29'),
('A21', 'beverly ', 'A', '0', 2, '2009-08-29'),
('A22', 'vanessa ', 'A', '0', 2, '2009-08-29'),
('A23', 'c&l fsh ', 'A', '0', 2, '2009-08-29'),
('A24', 'ponts ', 'A', '0', 2, '2009-08-29'),
('A25', 'rullyan ', 'A', '0', 2, '2009-08-29'),
('A26', 'chelsy ', 'A', '0', 2, '2009-08-29'),
('A27', 'kharismatik ', 'A', '0', 2, '2009-08-29'),
('A28', 'trissi ', 'A', '0', 2, '2009-08-29'),
('A29', 'cardimo ', 'A', '0', 2, '2009-08-29'),
('A30', 'yulia''s ', 'A', '0', 2, '2009-08-29'),
('A31', 'keno ', 'A', '0', 2, '2009-08-29'),
('A32', 'spandex ', 'A', '0', 2, '2009-08-29'),
('A33', 'h2 fsh shop ', 'A', '0', 2, '2009-08-29'),
('A34', 'khoma/ sepatu ', 'A', '0', 2, '2009-08-29'),
('A35', 'out class ', 'A', '0', 2, '2009-08-29'),
('A36', 'sinzing ', 'A', '0', 2, '2009-08-29'),
('A37', 'giovency ', 'A', '0', 2, '2009-08-29'),
('A38', 'wijaya  ', 'A', '0', 2, '2009-08-29'),
('A39', 'caesar ', 'A', '0', 2, '2009-08-29'),
('A40', 'sele ', 'A', '0', 2, '2009-08-29'),
('A41', 'kenny ', 'A', '0', 2, '2009-08-29'),
('A42', 'jos-mer ', 'A', '0', 2, '2009-08-29'),
('A43', 'vera ', 'A', '0', 2, '2009-08-29'),
('A44', 'budy mulya ', 'A', '0', 2, '2009-08-29'),
('A45', 'beuty fashion ', 'A', '0', 2, '2009-08-29'),
('A46', 'angeli ', 'A', '0', 2, '2009-08-29'),
('A47', 'palupi ', 'A', '0', 2, '2009-08-29'),
('A48', 'keito ', 'A', '0', 2, '2009-08-29'),
('A49', 'lutfiah ', 'A', '0', 2, '2009-08-29'),
('A50', 'irawan ', 'A', '0', 2, '2009-08-29'),
('A51', 'kiki ', 'A', '0', 2, '2009-08-29'),
('A52', 'ud. lancar/ yosie ', 'A', '0', 2, '2009-08-29'),
('A53', 'masayu ', 'A', '0', 2, '2009-08-29'),
('A54', 'h. hamdan ', 'A', '0', 2, '2009-08-29'),
('A55', 'great shop ', 'A', '0', 2, '2009-08-29'),
('A56', 'rifa ', 'A', '0', 2, '2009-08-29'),
('A57', 'indah permai ', 'A', '0', 2, '2009-08-29'),
('A58', 'kartika ', 'A', '0', 2, '2009-08-29'),
('A59', 'orange lady ', 'A', '0', 2, '2009-08-29'),
('A60', 'ellen ', 'A', '0', 2, '2009-08-29'),
('A61', 'a nak muda ', 'A', '0', 2, '2009-08-29'),
('A62', 'divason/ oscar ', 'A', '0', 2, '2009-08-29'),
('A63', 'arefil ', 'A', '0', 2, '2009-08-29'),
('A64', 'da ', 'A', '0', 2, '2009-08-29'),
('A65', 'mei mei collection ', 'A', '0', 2, '2009-08-29'),
('A66', 's.poza ', 'A', '0', 2, '2009-08-29'),
('A67', 'cressida ', 'A', '0', 2, '2009-08-29'),
('A68', 'coy.co ', 'A', '0', 2, '2009-08-29'),
('A69', 'real one ', 'A', '0', 2, '2009-08-29'),
('A70', 'vineza ', 'A', '0', 2, '2009-08-29'),
('A71', 'ren-ren ', 'A', '0', 2, '2009-08-29'),
('A72', 'alfa prima ', 'A', '0', 2, '2009-08-29'),
('A73', 'berna collection ', 'A', '0', 2, '2009-08-29'),
('A74', 'arisco ', 'A', '0', 2, '2009-08-29'),
('A75', 'kimsen ', 'A', '0', 2, '2009-08-29'),
('A76', 'calbin ', 'A', '0', 2, '2009-08-29'),
('A77', 'generation ', 'A', '0', 2, '2009-08-29'),
('A78', 'top point ', 'A', '0', 2, '2009-08-29'),
('A79', 'yon mode ', 'A', '0', 2, '2009-08-29'),
('A80', 'king''s star ', 'A', '0', 2, '2009-08-29'),
('A81', 'ab collection ', 'A', '0', 2, '2009-08-29'),
('A82', 'gaya busana  ', 'A', '0', 2, '2009-08-29'),
('A83', 'asia collection ', 'A', '0', 2, '2009-08-29'),
('A84', 'aneka fashion ', 'A', '0', 2, '2009-08-29'),
('A85', 'aslow ', 'A', '0', 2, '2009-08-29'),
('A86', 'modern mama ', 'A', '0', 2, '2009-08-29'),
('A87', 'gerimis ', 'A', '0', 2, '2009-08-29'),
('A88', 'venesia ', 'A', '0', 2, '2009-08-29'),
('A89', 'hoya ', 'A', '0', 2, '2009-08-29'),
('A90', 'sinar maju ', 'A', '0', 2, '2009-08-29'),
('A91', 'ling ling/ anita jaya ', 'A', '0', 2, '2009-08-29'),
('A92', 'giani ii ', 'A', '0', 2, '2009-08-29'),
('A93', 'tujuh jaya ', 'A', '0', 2, '2009-08-29'),
('A94', 'am-ala mode ', 'A', '0', 2, '2009-08-29'),
('A95', 'read line ', 'A', '0', 2, '2009-08-29'),
('A96', 'digasia ', 'A', '0', 2, '2009-08-29'),
('A97', 'melisa ', 'A', '0', 2, '2009-08-29'),
('A98', 'muslim (counter) ', 'A', '0', 2, '2009-08-29'),
('A99', 'asia junior ', 'A', '0', 2, '2009-08-29'),
('B01', 'vibada ', 'A', '0', 2, '2009-08-29'),
('B02', 'aries ', 'A', '0', 2, '2009-08-29'),
('B03', 'jhonboss (donabella) ', 'A', '0', 2, '2009-08-29'),
('B04', 'options fashion ', 'A', '0', 2, '2009-08-29'),
('B05', 'ohara ', 'A', '0', 2, '2009-08-29'),
('B06', 'ascoly ', 'A', '0', 2, '2009-08-29'),
('B07', 'mekar sari  ', 'A', '0', 2, '2009-08-29'),
('B08', 'nikko ', 'A', '0', 2, '2009-08-29'),
('B09', 'og collection ', 'A', '0', 2, '2009-08-29'),
('B10', 'anita fashion ', 'A', '0', 2, '2009-08-29'),
('B11', 'pasedana ', 'A', '0', 2, '2009-08-29'),
('B12', '189 club ', 'A', '0', 2, '2009-08-29'),
('B13', 'cosmo girl ', 'A', '0', 2, '2009-08-29'),
('B14', 'prima jaya ', 'A', '0', 2, '2009-08-29'),
('B15', 'sakinah ', 'A', '0', 2, '2009-08-29'),
('B16', 'permindo iii ', 'A', '0', 2, '2009-08-29'),
('B17', 'misstenancy ', 'A', '0', 2, '2009-08-29'),
('B18', 'inter look ', 'A', '0', 2, '2009-08-29'),
('B19', 'nesre ', 'A', '0', 2, '2009-08-29'),
('B20', 'izedo ', 'A', '0', 2, '2009-08-29'),
('B21', 'asia ', 'A', '0', 2, '2009-08-29'),
('B22', 'arya mulia ', 'A', '0', 2, '2009-08-29'),
('B23', 'claudi ', 'A', '0', 2, '2009-08-29'),
('B24', 'lux ', 'A', '0', 2, '2009-08-29'),
('B25', 'clara collection ', 'A', '0', 2, '2009-08-29'),
('B26', 'semoga jaya (donald) ', 'A', '0', 2, '2009-08-29'),
('B27', 'widya jaya collection ', 'A', '0', 2, '2009-08-29'),
('B28', 'putra jaya ', 'A', '0', 2, '2009-08-29'),
('B29', 'mei fashion ', 'A', '0', 2, '2009-08-29'),
('B30', 'ressa ', 'A', '0', 2, '2009-08-29'),
('B31', 'citra busana mode ', 'A', '0', 2, '2009-08-29'),
('B32', 'key ', 'A', '0', 2, '2009-08-29'),
('B33', 'hg fashion ', 'A', '0', 2, '2009-08-29'),
('B34', 'giat jaya ', 'A', '0', 2, '2009-08-29'),
('B35', 'indah makmur ', 'A', '0', 2, '2009-08-29'),
('B36', 'sonia ', 'A', '0', 2, '2009-08-29'),
('B37', 'nuno&oletha ', 'A', '0', 2, '2009-08-29'),
('B38', 'otani fashion ', 'A', '0', 2, '2009-08-29'),
('B39', 'new yeo''s ', 'A', '0', 2, '2009-08-29'),
('B40', 'usaha baru ', 'A', '0', 2, '2009-08-29'),
('B41', 'damai ', 'A', '0', 2, '2009-08-29'),
('B42', 'tony ', 'A', '0', 2, '2009-08-29'),
('B43', 'hello collection ', 'A', '0', 2, '2009-08-29'),
('B44', 'andrew jaya ', 'A', '0', 2, '2009-08-29'),
('B45', 'metta fashion ', 'A', '0', 2, '2009-08-29'),
('B46', 'tanah adam/ gm ', 'A', '0', 2, '2009-08-29'),
('B47', 'divani ', 'A', '0', 2, '2009-08-29'),
('B48', 'reval ', 'A', '0', 2, '2009-08-29'),
('B49', 'la''bree ', 'A', '0', 2, '2009-08-29'),
('B50', 'wira makmur ', 'A', '0', 2, '2009-08-29'),
('B51', 'lily''s ', 'A', '0', 2, '2009-08-29'),
('B52', 'ar-rahman ', 'A', '0', 2, '2009-08-29'),
('B53', 'semoga jaya ', 'A', '0', 2, '2009-08-29'),
('B54', 'atalia ', 'A', '0', 2, '2009-08-29'),
('B55', 'cast ', 'A', '0', 2, '2009-08-29'),
('B56', 'new paris ', 'A', '0', 2, '2009-08-29'),
('B57', 'jordan kids ', 'A', '0', 2, '2009-08-29'),
('B58', 'kiko kid''s ', 'A', '0', 2, '2009-08-29'),
('B59', 'eclippe ', 'A', '0', 2, '2009-08-29'),
('B60', 'tumayo collection ', 'A', '0', 2, '2009-08-29'),
('B61', 'aristocrat collection ', 'A', '0', 2, '2009-08-29'),
('B62', 'ascar/ divason ', 'A', '0', 2, '2009-08-29'),
('B63', 'perintis ', 'A', '0', 2, '2009-08-29'),
('B64', 'javosin ', 'A', '0', 2, '2009-08-29'),
('B65', 'megee ', 'A', '0', 2, '2009-08-29'),
('B66', 'hansen ', 'A', '0', 2, '2009-08-29'),
('B67', 'ayu ', 'A', '0', 2, '2009-08-29'),
('B68', 'cin hau ', 'A', '0', 2, '2009-08-29'),
('B69', 'valencia ', 'A', '0', 2, '2009-08-29'),
('B70', 'floren''s ', 'A', '0', 2, '2009-08-29'),
('B71', 'ak ', 'A', '0', 2, '2009-08-29'),
('B72', 'muda jaya ', 'A', '0', 2, '2009-08-29'),
('B73', 'mawar ', 'A', '0', 2, '2009-08-29'),
('B74', 'nanda collection ', 'A', '0', 2, '2009-08-29'),
('B75', 'freedy ', 'A', '0', 2, '2009-08-29'),
('B76', 'nakata ', 'A', '0', 2, '2009-08-29'),
('B77', 'shella ', 'A', '0', 2, '2009-08-29'),
('B78', 'alliffin ', 'A', '0', 2, '2009-08-29'),
('B79', 'semangat baru ', 'A', '0', 2, '2009-08-29'),
('B80', 'vigo ', 'A', '0', 2, '2009-08-29'),
('B81', 'atrium ', 'A', '0', 2, '2009-08-29'),
('B82', 'rangga ', 'A', '0', 2, '2009-08-29'),
('B83', 'usa collection ', 'A', '0', 2, '2009-08-29'),
('B84', 'dragon ', 'A', '0', 2, '2009-08-29'),
('B85', 'devino ', 'A', '0', 2, '2009-08-29'),
('B86', 'demos ', 'A', '0', 2, '2009-08-29'),
('B87', 'ferry ', 'A', '0', 2, '2009-08-29'),
('B88', 'h&w ', 'A', '0', 2, '2009-08-29'),
('B89', 'dison ', 'A', '0', 2, '2009-08-29'),
('B90', 'hansen/ p. anak ', 'A', '0', 2, '2009-08-29'),
('B91', 'yeti collection ', 'A', '0', 2, '2009-08-29'),
('B92', 'kid''s city ', 'A', '0', 2, '2009-08-29'),
('B93', 'u-right ', 'A', '0', 2, '2009-08-29'),
('B94', 'wallaby ', 'A', '0', 2, '2009-08-29'),
('B95', 'sun ly ', 'A', '0', 2, '2009-08-29'),
('B96', 'venus ', 'A', '0', 2, '2009-08-29'),
('B97', 'hokito ', 'A', '0', 2, '2009-08-29'),
('B98', 'arafah ', 'A', '0', 2, '2009-08-29'),
('B99', 't. abang ', 'A', '0', 2, '2009-08-29'),
('C01', 'alphin kid''s ', 'A', '0', 2, '2009-08-29'),
('C02', 'sky ', 'A', '0', 2, '2009-08-29'),
('C03', 'nate ball ', 'A', '0', 2, '2009-08-29'),
('C04', 'fantasy/ tas ', 'A', '0', 2, '2009-08-29'),
('C05', 'sharen ', 'A', '0', 2, '2009-08-29'),
('C06', 'gennova ', 'A', '0', 2, '2009-08-29'),
('C07', 'swang-swang ', 'A', '0', 2, '2009-08-29'),
('C08', 'special-jkt ', 'A', '0', 2, '2009-08-29'),
('C09', 'monggi ', 'A', '0', 2, '2009-08-29'),
('C10', 'prima ', 'A', '0', 2, '2009-08-29'),
('C11', 'adesil corner ', 'A', '0', 2, '2009-08-29'),
('C12', 'agung ', 'A', '0', 2, '2009-08-29'),
('C13', 'albina ', 'A', '0', 2, '2009-08-29'),
('C14', 'ruby ', 'A', '0', 2, '2009-08-29'),
('C15', 'dhepita ', 'A', '0', 2, '2009-08-29'),
('C16', 'lancini ', 'A', '0', 2, '2009-08-29'),
('C18', 'h&l ', 'A', '0', 2, '2009-08-29'),
('C19', 'u.latief ', 'A', '0', 2, '2009-08-29'),
('C20', 'wei ling ', 'A', '0', 2, '2009-08-29'),
('C21', 'hodori ', 'A', '0', 2, '2009-08-29'),
('C22', 'citra collection ', 'A', '0', 2, '2009-08-29'),
('C23', 'setia jaya ', 'A', '0', 2, '2009-08-29'),
('C24', 'print one ', 'A', '0', 2, '2009-08-29'),
('C25', 'sumber makmur ', 'A', '0', 2, '2009-08-29'),
('C26', 'tujuh satu ', 'A', '0', 2, '2009-08-29'),
('C27', 'vivi house of fashion ', 'A', '0', 2, '2009-08-29'),
('C28', 'meimiss fashion ', 'A', '0', 2, '2009-08-29'),
('C29', 'credo ', 'A', '0', 2, '2009-08-29'),
('C30', 'takashimaya ', 'A', '0', 2, '2009-08-29'),
('C31', 'florida ', 'A', '0', 2, '2009-08-29'),
('C32', 'luvasta ', 'A', '0', 2, '2009-08-29'),
('C33', 'far out ', 'A', '0', 2, '2009-08-29'),
('C34', 'serasi jaya  ', 'A', '0', 2, '2009-08-29'),
('C35', 'valerie ', 'A', '0', 2, '2009-08-29'),
('C36', 'joully ', 'A', '0', 2, '2009-08-29'),
('C37', 'muhadi ', 'a', '0', 2, '2009-08-29'),
('C38', 'sun&co ', 'A', '0', 2, '2009-08-29'),
('C39', 'metro star ', 'A', '0', 2, '2009-08-29'),
('C40', 'd hen fashion ', 'A', '0', 2, '2009-08-29'),
('C41', 'mutiara busana ', 'A', '0', 2, '2009-08-29'),
('C42', 'miau lie ', 'A', '0', 2, '2009-08-29'),
('C43', 'princess ', 'A', '0', 2, '2009-08-29'),
('C44', 'cosa girl ', 'A', '0', 2, '2009-08-29'),
('C45', 'defin ', 'A', '0', 2, '2009-08-29'),
('C46', 'veronica ', 'A', '0', 2, '2009-08-29'),
('C47', 'boggery ', 'A', '0', 2, '2009-08-29'),
('C48', 'nadra ', 'A', '0', 2, '2009-08-29'),
('C49', 'nadia collection ', 'A', '0', 2, '2009-08-29'),
('C50', 'new damai ', 'A', '0', 2, '2009-08-29'),
('C51', 'de mode ', 'A', '0', 2, '2009-08-29'),
('C52', 'first look ', 'A', '0', 2, '2009-08-29'),
('C53', 'awie & amo ', 'A', '0', 2, '2009-08-29'),
('C54', 'aily ', 'A', '0', 2, '2009-08-29'),
('C55', 'diva collection ', 'A', '0', 2, '2009-08-29'),
('C56', 'sm:2 ', 'a', '0', 2, '2009-08-29'),
('C57', 'liana collection ', 'A', '0', 2, '2009-08-29'),
('C58', 'bw style ', 'A', '0', 2, '2009-08-29'),
('C59', 'hosanna ', 'A', '0', 2, '2009-08-29'),
('C60', 'this fashion ', 'A', '0', 2, '2009-08-29'),
('C61', 're-plica-x-change ', 'A', '0', 2, '2009-08-29'),
('C62', 'voice int ', 'A', '0', 2, '2009-08-29'),
('C63', 'global ', 'A', '0', 2, '2009-08-29'),
('C64', 'triple one ', 'A', '0', 2, '2009-08-29'),
('C65', 'grenada ', 'A', '0', 2, '2009-08-29'),
('C66', 'gervils ', 'A', '0', 2, '2009-08-29'),
('C67', 'c&s ', 'A', '0', 2, '2009-08-29'),
('C68', 'meldano ', 'A', '0', 2, '2009-08-29'),
('C69', 'gervus ', 'A', '0', 2, '2009-08-29'),
('C70', 'monalisa ', 'A', '0', 2, '2009-08-29'),
('C71', 'delpani ', 'A', '0', 2, '2009-08-29'),
('C72', 'yn boutique ', 'A', '0', 2, '2009-08-29'),
('C73', 'licia ', 'A', '0', 2, '2009-08-29'),
('C74', 'revita ', 'A', '0', 2, '2009-08-29'),
('C75', 'fashion 88 ', 'A', '0', 2, '2009-08-29'),
('C76', 'paradiso ', 'A', '0', 2, '2009-08-29'),
('C77', 'ovierra ', 'A', '0', 2, '2009-08-29'),
('C78', 'jomay ', 'A', '0', 2, '2009-08-29'),
('C79', 'yessy ', 'A', '0', 2, '2009-08-29'),
('C80', 'giver/tas ', 'A', '0', 2, '2009-08-29'),
('C81', 'on&on ', 'A', '0', 2, '2009-08-29'),
('C82', 'z&d ', 'A', '0', 2, '2009-08-29'),
('C83', 'topi mas ', 'A', '0', 2, '2009-08-29'),
('C84', 'balio ', 'A', '0', 2, '2009-08-29'),
('C85', 'element ', 'A', '0', 2, '2009-08-29'),
('C86', 'daffa raihan ', 'A', '0', 2, '2009-08-29'),
('C87', 'sj boutique ', 'A', '0', 2, '2009-08-29'),
('C88', 'sami sajadah ', 'A', '0', 2, '2009-08-29'),
('C89', 'aj collection ', 'A', '0', 2, '2009-08-29'),
('C90', 'amirah ', 'A', '0', 2, '2009-08-29'),
('C91', 'berkah group ', 'A', '0', 2, '2009-08-29'),
('C92', 'fajar ', 'A', '0', 2, '2009-08-29'),
('C93', 'hidup baru ', 'A', '0', 2, '2009-08-29'),
('C94', 'vina ', 'A', '0', 2, '2009-08-29'),
('C95', 'passion ', 'A', '0', 2, '2009-08-29'),
('C96', 'moiselle ', 'A', '0', 2, '2009-08-29'),
('C97', 'cosset collection ', 'A', '0', 2, '2009-08-29'),
('C98', 'komay ', 'A', '0', 2, '2009-08-29'),
('C99', 'rafel ', 'A', '0', 2, '2009-08-29'),
('D01', 'mahkota mas ', 'A', '0', 2, '2009-08-29'),
('D02', 'blue zone ', 'A', '0', 2, '2009-08-29'),
('D03', 'monica jaya ', 'A', '0', 2, '2009-08-29'),
('D04', 'sin wui ', 'a', '0', 2, '2009-08-29'),
('D05', 'new hongkong ', 'A', '0', 2, '2009-08-29'),
('D06', 'angel''s ', 'A', '0', 2, '2009-08-29'),
('D07', 'coda ', 'A', '0', 2, '2009-08-29'),
('D08', 'meoren ', 'A', '0', 2, '2009-08-29'),
('D09', 'sinar baru ', 'A', '0', 2, '2009-08-29'),
('D10', 'panthar indah ', 'A', '0', 2, '2009-08-29'),
('D11', 'bonnay jaya ', 'A', '0', 2, '2009-08-29'),
('D12', 'ud. abadi ', 'A', '0', 2, '2009-08-29'),
('D13', 'rasaki jaya ', 'A', '0', 2, '2009-08-29'),
('D14', 'look out ', 'A', '0', 2, '2009-08-29'),
('D15', 'farhan jacket ', 'A', '0', 2, '2009-08-29'),
('D16', 'voice kid''s ', 'A', '0', 2, '2009-08-29'),
('D17', 'in fashion ', 'A', '0', 2, '2009-08-29'),
('D18', 'duta ', 'A', '0', 2, '2009-08-29'),
('D19', 'look fashion ', 'A', '0', 2, '2009-08-29'),
('D20', 'silky ', 'A', '0', 2, '2009-08-29'),
('D21', 'indo busana ', 'A', '0', 2, '2009-08-29'),
('D22', 'celica collection ', 'A', '0', 2, '2009-08-29'),
('D23', 'elly ', 'A', '0', 2, '2009-08-29'),
('D24', 'la salle ', 'A', '0', 2, '2009-08-29'),
('D25', 'girlshop ', 'A', '0', 2, '2009-08-29'),
('D26', 'hillery ', 'A', '0', 2, '2009-08-29'),
('D27', 'lauren ', 'A', '0', 2, '2009-08-29'),
('D28', 'milias ', 'A', '0', 2, '2009-08-29'),
('D29', 'bigboy ', 'A', '0', 2, '2009-08-29'),
('D30', 'new look ', 'A', '0', 2, '2009-08-29'),
('D31', 'serba prima ', 'A', '0', 2, '2009-08-29'),
('D32', 'permai fashion ', 'A', '0', 2, '2009-08-29'),
('D33', 'd'' best collection ', 'A', '0', 2, '2009-08-29'),
('D34', 'confetti ', 'A', '0', 2, '2009-08-29'),
('D35', 'ramada ', 'A', '0', 2, '2009-08-29'),
('D36', 'nengge ', 'A', '0', 2, '2009-08-29'),
('D37', 'raisa ', 'A', '0', 2, '2009-08-29'),
('D38', 'fashion new ', 'A', '0', 2, '2009-08-29'),
('D39', 'dunia mode ', 'A', '0', 2, '2009-08-29'),
('D40', 'tujuh saudara ', 'A', '0', 2, '2009-08-29'),
('D41', 'rivano ', 'A', '0', 2, '2009-08-29'),
('D42', 'usaha bersama ', 'A', '0', 2, '2009-08-29'),
('D43', 'asia pasific ', 'A', '0', 2, '2009-08-29'),
('D44', 'syafrizal ', 'A', '0', 2, '2009-08-29'),
('D45', 'super ', 'A', '0', 2, '2009-08-29'),
('D46', 'indra & edy ', 'A', '0', 2, '2009-08-29'),
('D47', 'krizzia ', 'A', '0', 2, '2009-08-29'),
('D48', 'wintiton ', 'A', '0', 2, '2009-08-29'),
('D49', 'new asean ', 'A', '0', 2, '2009-08-29'),
('D50', 'zaniella & geen way ', 'A', '0', 2, '2009-08-29'),
('D51', 'gaudi ', 'A', '0', 2, '2009-08-29'),
('D52', 'adelin ', 'A', '0', 2, '2009-08-29'),
('D53', 'ridho mandiri grosir ', 'A', '0', 2, '2009-08-29'),
('D54', 'miss q ', 'A', '0', 2, '2009-08-29'),
('D55', 'afiq ', 'A', '0', 2, '2009-08-29'),
('D56', 'itokin fashion ', 'A', '0', 2, '2009-08-29'),
('D57', 'norick ', 'A', '0', 2, '2009-08-29'),
('D58', 'rockers ', 'a', '0', 2, '2009-08-29'),
('D59', 'cantika ', 'A', '0', 2, '2009-08-29'),
('D60', 'sumber abadi ', 'A', '0', 2, '2009-08-29'),
('D61', 'benang mas ', 'A', '0', 2, '2009-08-29'),
('D62', 'haikal identic ', 'A', '0', 2, '2009-08-29'),
('D63', 'bangun jaya ', 'A', '0', 2, '2009-08-29'),
('D64', 'gesper jaya ', 'A', '0', 2, '2009-08-29'),
('D65', 'match boy ', 'A', '0', 2, '2009-08-29'),
('D66', 'hannie ', 'A', '0', 2, '2009-08-29'),
('D67', 'mollini ', 'A', '0', 2, '2009-08-29'),
('D68', 'indah (bls rjt) ', 'A', '0', 2, '2009-08-29'),
('D69', 'm-2 ', 'A', '0', 2, '2009-08-29'),
('D70', 'siello hill ', 'A', '0', 2, '2009-08-29'),
('D71', 'emerald collection ', 'A', '0', 2, '2009-08-29'),
('D72', 'vianney collection ', 'A', '0', 2, '2009-08-29'),
('D73', 'modella ', 'A', '0', 2, '2009-08-29'),
('D74', 'young fashion ', 'A', '0', 2, '2009-08-29'),
('D75', 'tanita ', 'A', '0', 2, '2009-08-29'),
('D76', 'q bozz ', 'A', '0', 2, '2009-08-29'),
('D77', 'u-boss ', 'A', '0', 2, '2009-08-29'),
('D78', 'top m. collection ', 'A', '0', 2, '2009-08-29'),
('D79', 'chinari ', 'A', '0', 2, '2009-08-29'),
('D80', 'renisya collection ', 'a', '0', 2, '2009-08-29'),
('D81', 'c& n fashion ', 'A', '0', 2, '2009-08-29'),
('D82', 'defish lady ', 'A', '0', 2, '2009-08-29'),
('D83', 'alham/ doa bunda ', 'A', '0', 2, '2009-08-29'),
('D84', 'dova ', 'A', '0', 2, '2009-08-29'),
('D85', 'yu and sha ', 'A', '0', 2, '2009-08-29'),
('D86', 'big shop ', 'A', '0', 2, '2009-08-29'),
('D87', 'mira collection ', 'A', '0', 2, '2009-08-29'),
('D88', 'darlis caniago ', 'A', '0', 2, '2009-08-29'),
('D89', 'al-fajri scraf ', 'A', '0', 2, '2009-08-29'),
('D90', 'delias ', 'A', '0', 2, '2009-08-29'),
('D91', 'm.paris ', 'A', '0', 2, '2009-08-29'),
('D92', 'wardi collection ', 'A', '0', 2, '2009-08-29'),
('D93', 'jhon ', 'A', '0', 2, '2009-08-29'),
('D94', 'skydney ', 'a', '0', 2, '2009-08-29'),
('D95', 'forever ', 'a', '0', 2, '2009-08-29'),
('D96', 'thalia ', 'A', '0', 2, '2009-08-29'),
('D97', 'great wall ', 'A', '0', 2, '2009-08-29'),
('D98', 'jennifer ', 'A', '0', 2, '2009-08-29'),
('D99', 'j & k ', 'A', '0', 2, '2009-08-29'),
('E01', 'mc fashion ', 'A', '0', 2, '2009-08-29'),
('E02', 'yulia fashion ', 'A', '0', 2, '2009-08-29'),
('E03', 'gracia ', 'A', '0', 2, '2009-08-29'),
('E04', 'inka ', 'A', '0', 2, '2009-08-29'),
('E05', 'a-z trend ', 'A', '0', 2, '2009-08-29'),
('E06', 'gagapro ', 'A', '0', 2, '2009-08-29'),
('E07', 'era baru (p.anak) ', 'A', '0', 2, '2009-08-29'),
('E08', 'wenny ', 'A', '0', 2, '2009-08-29'),
('E09', 'fiondy ', 'A', '0', 2, '2009-08-29'),
('E10', 'favuorite ', 'A', '0', 2, '2009-08-29'),
('E11', 'siak mulia ', 'A', '0', 2, '2009-08-29'),
('E12', 'lucya ', 'A', '0', 2, '2009-08-29'),
('E13', 'delvi tanjung ', 'A', '0', 2, '2009-08-29'),
('E14', 'sahra ', 'A', '0', 2, '2009-08-29'),
('E15', 'dj collection ', 'A', '0', 2, '2009-08-29'),
('E16', 'v&b ', 'A', '0', 2, '2009-08-29'),
('E17', 'check lady ', 'A', '0', 2, '2009-08-29'),
('E18', 'dakos ', 'A', '0', 2, '2009-08-29'),
('E19', 'hl fashion ', 'A', '0', 2, '2009-08-29'),
('E20', 'mina fashion ', 'A', '0', 2, '2009-08-29'),
('E21', 'capucci ', 'A', '0', 2, '2009-08-29'),
('E22', 'laredo ', 'A', '0', 2, '2009-08-29'),
('E23', 'happy kidz ', 'A', '0', 2, '2009-08-29'),
('E24', 'amour ', 'A', '0', 2, '2009-08-29'),
('E25', 'henny ', 'A', '0', 2, '2009-08-29'),
('E26', 'my feno ', 'A', '0', 2, '2009-08-29'),
('E27', 'van housten ', 'A', '0', 2, '2009-08-29'),
('E28', 'la-hira ', 'A', '0', 2, '2009-08-29'),
('E29', 'lee-xc ', 'A', '0', 2, '2009-08-29'),
('E30', 's.l.v.d ', 'A', '0', 2, '2009-08-29'),
('E31', 'garment family/spr grmt ', 'A', '0', 2, '2009-08-29'),
('E32', 'gizzta ', 'A', '0', 2, '2009-08-29'),
('E33', 'joevin ', 'A', '0', 2, '2009-08-29'),
('E34', 'net club ', 'A', '0', 2, '2009-08-29'),
('E35', 'incence ', 'A', '0', 2, '2009-08-29'),
('E36', 'dipo ', 'A', '0', 2, '2009-08-29'),
('E37', 'jil ', 'A', '0', 2, '2009-08-29'),
('E38', 'vertu ', 'A', '0', 2, '2009-08-29'),
('E39', 'celvin ', 'A', '0', 2, '2009-08-29'),
('E40', 'timur jaya ', 'A', '0', 2, '2009-08-29'),
('E41', 'fan''s ', 'A', '0', 2, '2009-08-29'),
('E42', 'virgi fashion ', 'A', '0', 2, '2009-08-29'),
('E43', 'lancar baru ', 'A', '0', 2, '2009-08-29'),
('E70', 'san-san ', 'A', '0', 2, '2009-08-29'),
('E71', 'my dream ', 'A', '0', 2, '2009-08-29'),
('E72', 'bunga tanjung ', 'A', '0', 2, '2009-08-29'),
('E73', 'san jia ', 'A', '0', 2, '2009-08-29'),
('E74', 'hidayah ', 'A', '0', 2, '2009-08-29'),
('E75', 'victory ', 'A', '0', 2, '2009-08-29'),
('E76', 'carte blanche ', 'A', '0', 2, '2009-08-29'),
('E77', 'amos ', 'A', '0', 2, '2009-08-29'),
('E78', 'wita ', 'A', '0', 2, '2009-08-29'),
('E79', 'aka ', 'A', '0', 2, '2009-08-29'),
('E80', 'resniar ', 'A', '0', 2, '2009-08-29'),
('E81', 'jaya agung ', 'A', '0', 2, '2009-08-29'),
('E82', 'huaw-hauw ', 'A', '0', 2, '2009-08-29'),
('E83', 'ta ', 'A', '0', 2, '2009-08-29'),
('E84', 'papa/tas ', 'A', '0', 2, '2009-08-29'),
('E85', 'yen-yen/elang mas ', 'A', '0', 2, '2009-08-29'),
('E86', 'lancar busana ', 'A', '0', 2, '2009-08-29'),
('E87', 'be-one ', 'A', '0', 2, '2009-08-29'),
('E88', 'meixin ', 'A', '0', 2, '2009-08-29'),
('E89', 'rini fashion/riri ', 'A', '0', 2, '2009-08-29'),
('E90', 'scott & fox ', 'A', '0', 2, '2009-08-29'),
('E91', 'trendy/ suka menanti ', 'A', '0', 2, '2009-08-29'),
('F10', 'dwi jaya (pa) ', 'A', '0', 2, '2009-08-29'),
('F11', 'medina ', 'A', '0', 2, '2009-08-29'),
('F12', 'usaha bersama/jkt ', 'A', '0', 2, '2009-08-29'),
('F13', 'syafna fashion ', 'A', '0', 2, '2009-08-29'),
('F14', 'celine h & l ', 'A', '0', 2, '2009-08-29'),
('F15', 'g.boss ', 'A', '0', 2, '2009-08-29'),
('F16', 'kc ', 'A', '0', 2, '2009-08-29'),
('F17', 'shangri-la ', 'A', '0', 2, '2009-08-29'),
('F18', 'sarang fashion/tml ', 'A', '0', 2, '2009-08-29'),
('F19', 'aurel ', 'A', '0', 2, '2009-08-29'),
('F20', 'cda collection ', 'A', '0', 2, '2009-08-29'),
('F21', 'tanzani ', 'A', '0', 2, '2009-08-29'),
('F22', 'd&k ', 'A', '0', 2, '2009-08-29'),
('F23', 'anak-anak ', 'A', '0', 2, '2009-08-29'),
('F24', 'cahaya intan ', 'A', '0', 2, '2009-08-29'),
('F25', 'al jaya ', 'A', '0', 2, '2009-08-29'),
('F26', 'chen phin ', 'A', '0', 2, '2009-08-29'),
('F27', 'yabes ', 'A', '0', 2, '2009-08-29'),
('F28', 'gudang import ', 'A', '0', 2, '2009-08-29'),
('F29', 'misteen ', 'A', '0', 2, '2009-08-29'),
('F30', 'tosca de la ', 'A', '0', 2, '2009-08-29'),
('F31', 'dealova ', 'A', '0', 2, '2009-08-29'),
('F32', 'dijee ', 'A', '0', 2, '2009-08-29'),
('F33', 'centro ', 'A', '0', 2, '2009-08-29'),
('F34', 'famosa ', 'A', '0', 2, '2009-08-29'),
('F35', 'lilyan ', 'A', '0', 2, '2009-08-29'),
('F36', 'o''brien ', 'A', '0', 2, '2009-08-29'),
('F37', 'livano''s ', 'A', '0', 2, '2009-08-29'),
('F38', 'forest ', 'A', '0', 2, '2009-08-29'),
('F39', 'ala mode ', 'A', '0', 2, '2009-08-29'),
('F40', 'abg ', 'A', '0', 2, '2009-08-29'),
('F41', 'd&a ', 'A', '0', 2, '2009-08-29'),
('F42', 'roswel ', 'A', '0', 2, '2009-08-29'),
('F43', 'magenta ', 'A', '0', 2, '2009-08-29'),
('F44', 'century ', 'A', '0', 2, '2009-08-29'),
('F45', 'olyver ', 'A', '0', 2, '2009-08-29'),
('F46', 'atlantik sport ', 'A', '0', 2, '2009-08-29'),
('F47', 'jerry design ', 'A', '0', 2, '2009-08-29'),
('F48', 'namsano ', 'A', '0', 2, '2009-08-29'),
('F49', 'indah jaya/ bsn msl ', 'A', '0', 2, '2009-08-29'),
('F50', 'zacc ', 'A', '0', 2, '2009-08-29'),
('F51', 'leyano ', 'A', '0', 2, '2009-08-29'),
('F52', 'shakinah ', 'A', '0', 2, '2009-08-29'),
('F53', 'new millenium ', 'A', '0', 2, '2009-08-29'),
('F54', 'be fit ', 'A', '0', 2, '2009-08-29'),
('F55', 'century/ bls cwk ', 'A', '0', 2, '2009-08-29'),
('F56', 'vincent sport ', 'A', '0', 2, '2009-08-29'),
('F57', 'dakos-majalaya ', 'A', '0', 2, '2009-08-29'),
('F58', 'inti mode ', 'A', '0', 2, '2009-08-29'),
('F59', 'idola busana ', 'A', '0', 2, '2009-08-29'),
('F60', 'star class ', 'A', '0', 2, '2009-08-29'),
('F61', 'polin jaya ', 'A', '0', 2, '2009-08-29'),
('F62', 'ratu ', 'A', '0', 2, '2009-08-29'),
('F63', 'enszy ', 'A', '0', 2, '2009-08-29'),
('F64', 'miftah ', 'A', '0', 2, '2009-08-29'),
('F65', 'mahkota ', 'A', '0', 2, '2009-08-29'),
('F66', 'yeris ', 'A', '0', 2, '2009-08-29'),
('F67', 'air borite ', 'A', '0', 2, '2009-08-29'),
('F69', 'two sis ', 'A', '0', 2, '2009-08-29'),
('F70', 'indra jeans ', 'A', '0', 2, '2009-08-29'),
('F71', 'apolo ', 'A', '0', 2, '2009-08-29'),
('F72', 'dhewyz ', 'A', '0', 2, '2009-08-29'),
('F74', 'mcl ', 'A', '0', 2, '2009-08-29'),
('F75', 'jef''s boutique ', 'A', '0', 2, '2009-08-29'),
('F76', 'ridho mandiri grosir ', 'A', '0', 2, '2009-08-29'),
('F77', 'dinda collection ', 'A', '0', 2, '2009-08-29'),
('F78', 'multi aneka busana ', 'A', '0', 2, '2009-08-29'),
('F79', 'jus d'' orange  ', 'A', '0', 2, '2009-08-29'),
('F80', 'qui-qui ', 'A', '0', 2, '2009-08-29'),
('F81', 'liong lie ', 'A', '0', 2, '2009-08-29'),
('F82', 'sui-lie ', 'A', '0', 2, '2009-08-29'),
('F83', 'fung-fung ', 'A', '0', 2, '2009-08-29'),
('F84', 'hongda ', 'A', '0', 2, '2009-08-29'),
('F85', 'daffa ', 'A', '0', 2, '2009-08-29'),
('F86', 'widia ', 'A', '0', 2, '2009-08-29'),
('F87', 'pipeline junior ', 'A', '0', 2, '2009-08-29'),
('F88', 'citra busana/anak2 ', 'A', '0', 2, '2009-08-29'),
('F89', 'face kiss ', 'A', '0', 2, '2009-08-29'),
('F91', 'soho ', 'A', '0', 2, '2009-08-29'),
('F92', 'good day ', 'A', '0', 2, '2009-08-29'),
('F93', 'murah ', 'A', '0', 2, '2009-08-29'),
('F94', 'continent ', 'A', '0', 2, '2009-08-29'),
('F95', 'tavila ', 'A', '0', 2, '2009-08-29'),
('F96', 'fenz ', 'A', '0', 2, '2009-08-29'),
('F97', 'polo ', 'A', '0', 2, '2009-08-29'),
('F98', 'ballet ', 'A', '0', 2, '2009-08-29'),
('F99', 'assadullah ', 'A', '0', 2, '2009-08-29'),
('G01', 'glamour ', 'A', '0', 2, '2009-08-29'),
('G02', 'dream land ', 'A', '0', 2, '2009-08-29'),
('G03', 'zahra ', 'A', '0', 2, '2009-08-29'),
('G04', 'indah tex ', 'A', '0', 2, '2009-08-29'),
('G06', 'ridhe elva ', 'A', '0', 2, '2009-08-29'),
('G07', 'miyaka ', 'A', '0', 2, '2009-08-29'),
('G08', 'siau fang ', 'A', '0', 2, '2009-08-29'),
('G09', 'dome ', 'A', '0', 2, '2009-08-29'),
('G10', 'aber crombie ', 'A', '0', 2, '2009-08-29'),
('G11', 'cv. gilang kencana ', 'A', '0', 2, '2009-08-29'),
('G12', 'andesco ', 'A', '0', 2, '2009-08-29'),
('G13', 'brands ', 'A', '0', 2, '2009-08-29'),
('G14', 'aaron seas ', 'A', '0', 2, '2009-08-29'),
('G15', 'kirpalani ', 'A', '0', 2, '2009-08-29'),
('G16', 'legosh jeans ', 'A', '0', 2, '2009-08-29'),
('G17', 'aini ', 'A', '0', 2, '2009-08-29'),
('G18', 'swoosh ', 'A', '0', 2, '2009-08-29'),
('G19', 'i&m ', 'A', '0', 2, '2009-08-29'),
('G20', 'salma ', 'A', '0', 2, '2009-08-29'),
('G21', 'al-karomah ', 'A', '0', 2, '2009-08-29'),
('G22', 'tugu monas kid''s ', 'A', '0', 2, '2009-08-29'),
('G23', 'hawaii ', 'A', '0', 2, '2009-08-29'),
('G24', 'ranis ', 'A', '0', 2, '2009-08-29'),
('G25', 'yen cing ', 'A', '0', 2, '2009-08-29'),
('G26', 'liya ', 'A', '0', 2, '2009-08-29'),
('G27', 'rbj ', 'A', '0', 2, '2009-08-29'),
('G28', 'x-ray ', 'A', '0', 2, '2009-08-29'),
('G29', 'cobra ', 'A', '0', 2, '2009-08-29'),
('G30', 'nick 68 ', 'A', '0', 2, '2009-08-29'),
('G31', 'fortuna ', 'A', '0', 2, '2009-08-29'),
('G32', 'mcl fashion ', 'A', '0', 2, '2009-08-29'),
('G33', 'panser ', 'A', '0', 2, '2009-08-29'),
('G34', 'michelle kid''s ', 'A', '0', 2, '2009-08-29'),
('G35', 'exist ', 'A', '0', 2, '2009-08-29'),
('G36', 'idola baru ', 'A', '0', 2, '2009-08-29'),
('G37', 'sifa 2 ', 'A', '0', 2, '2009-08-29'),
('G38', 'ibnu syifa ', 'A', '0', 2, '2009-08-29'),
('G39', 'yanti ', 'A', '0', 2, '2009-08-29'),
('G40', 'tasya ', 'A', '0', 2, '2009-08-29'),
('G41', 'qia oliane ', 'A', '0', 2, '2009-08-29'),
('G42', 'by bongax ', 'A', '0', 2, '2009-08-29'),
('G43', 'laris jaya ', 'A', '0', 2, '2009-08-29'),
('G44', 'pt. shidai ', 'A', '0', 2, '2009-08-29'),
('G45', 'ud lestari ', 'A', '0', 2, '2009-08-29'),
('G46', 'mulia baru ', 'A', '0', 2, '2009-08-29'),
('G47', 'new confetti ', 'A', '0', 2, '2009-08-29'),
('G48', 'de-links ', 'A', '0', 2, '2009-08-29'),
('G49', 'yaris ', 'A', '0', 2, '2009-08-29'),
('G50', 'banzai ', 'A', '0', 2, '2009-08-29'),
('G51', 'diva fashionable ', 'A', '0', 2, '2009-08-29'),
('G52', 'lenny scrap ', 'A', '0', 2, '2009-08-29'),
('G53', 'ae co ', 'A', '0', 2, '2009-08-29'),
('G54', 'paparazzi ', 'A', '0', 2, '2009-08-29'),
('G55', 'caroline ', 'A', '0', 2, '2009-08-29'),
('G56', 'bellia ', 'A', '0', 2, '2009-08-29'),
('G57', 'eda ', 'A', '0', 2, '2009-08-29'),
('G58', 'la po po ', 'A', '0', 2, '2009-08-29'),
('G59', 'zely ricie ', 'A', '0', 2, '2009-08-29'),
('G60', 'kanselir ', 'A', '0', 2, '2009-08-29'),
('G61', 'regina ', 'A', '0', 2, '2009-08-29'),
('G62', 'elvia ', 'A', '0', 2, '2009-08-29'),
('G63', 'edi kayo b.tinggi ', 'A', '0', 2, '2009-08-29'),
('G64', 'saudara jaya ', 'A', '0', 2, '2009-08-29'),
('G65', 'cun jilbab b. tinggi ', 'A', '0', 2, '2009-08-29'),
('G66', 'aulya ary ', 'A', '0', 2, '2009-08-29'),
('G67', 'aulya ari ', 'A', '0', 2, '2009-08-29'),
('G68', 'wulandari ', 'A', '0', 2, '2009-08-29'),
('G69', 'dan ', 'A', '0', 2, '2009-08-29'),
('G70', 'is bordir ', 'A', '0', 2, '2009-08-29'),
('G71', 'res ', 'A', '0', 2, '2009-08-29'),
('G72', 'sunnah ', 'A', '0', 2, '2009-08-29'),
('G73', 'delfi ', 'A', '0', 2, '2009-08-29'),
('G74', 'city chic ', 'A', '0', 2, '2009-08-29'),
('G75', 'liberty ', 'A', '0', 2, '2009-08-29'),
('G76', 'corner ', 'A', '0', 2, '2009-08-29'),
('G77', 'santana ', 'A', '0', 2, '2009-08-29'),
('G79', 'donata ', 'A', '0', 2, '2009-08-29'),
('G80', 'opulent ', 'A', '0', 2, '2009-08-29'),
('G81', 'caroda ', 'A', '0', 2, '2009-08-29'),
('G82', 'in chan ', 'A', '0', 2, '2009-08-29'),
('G83', 'won lee ', 'A', '0', 2, '2009-08-29'),
('G84', 'salak ', 'A', '0', 2, '2009-08-29'),
('G85', 'weel ', 'A', '0', 2, '2009-08-29'),
('G86', 'chok dee ', 'A', '0', 2, '2009-08-29'),
('G87', 'zebra fashion ', 'A', '0', 2, '2009-08-29'),
('G88', 'candy ', 'A', '0', 2, '2009-08-29'),
('G89', 'benova ', 'A', '0', 2, '2009-08-29'),
('G90', 'eb ', 'A', '0', 2, '2009-08-29'),
('G91', 'mg2 ', 'A', '0', 2, '2009-08-29'),
('G92', 'v&s ', 'A', '0', 2, '2009-08-29'),
('G93', 'tomato ', 'A', '0', 2, '2009-08-29'),
('G94', 'supreme  ', 'A', '0', 2, '2009-08-29'),
('G95', 'cocolulu ', 'A', '0', 2, '2009-08-29'),
('G96', 'pelangi ', 'A', '0', 2, '2009-08-29'),
('G97', 'messa indah ', 'A', '0', 2, '2009-08-29'),
('G98', 'ameng i ', 'A', '0', 2, '2009-08-29'),
('G99', 'vicensha ', 'A', '0', 2, '2009-08-29'),
('H01', 'rona ', 'A', '0', 2, '2009-08-29'),
('H02', 'happy-happy ', 'A', '0', 2, '2009-08-29'),
('H03', 'ecla ', 'A', '0', 2, '2009-08-29'),
('H04', 'aeko ', 'A', '0', 2, '2009-08-29'),
('H05', 'h.r fashion ', 'A', '0', 2, '2009-08-29'),
('H06', 'divella ', 'A', '0', 2, '2009-08-29'),
('H07', 'koko taro ', 'A', '0', 2, '2009-08-29'),
('H08', 'zahra kerudung ', 'A', '0', 2, '2009-08-29'),
('H09', 'nerissa ', 'A', '0', 2, '2009-08-29'),
('H10', 'ken mode ', 'A', '0', 2, '2009-08-29'),
('H11', 'pink poo ', 'A', '0', 2, '2009-08-29'),
('H12', 'aneka/ tp ', 'A', '0', 2, '2009-08-29'),
('H13', 'bom station ', 'A', '0', 2, '2009-08-29'),
('H14', 'hong-hong/p. anak ', 'A', '0', 2, '2009-08-29'),
('H15', 'hanifa/ accessories ', 'A', '0', 2, '2009-08-29'),
('H16', 'baru ', 'A', '0', 2, '2009-08-29'),
('H17', 'dwi jaya/ cdl ', 'A', '0', 2, '2009-08-29'),
('H18', 'blomm house ', 'A', '0', 2, '2009-08-29'),
('H19', 'new sister''s ', 'A', '0', 2, '2009-08-29'),
('H20', 'seiyu ', 'A', '0', 2, '2009-08-29'),
('H21', 'mc gray ', 'A', '0', 2, '2009-08-29'),
('H22', 'a tampil a ', 'A', '0', 2, '2009-08-29'),
('H23', 'gudim ', 'A', '0', 2, '2009-08-29'),
('H24', 'wales ', 'A', '0', 2, '2009-08-29'),
('H25', 'jolio ', 'A', '0', 2, '2009-08-29'),
('H26', 'wew ', 'A', '0', 2, '2009-08-29'),
('H27', 'orlena ', 'A', '0', 2, '2009-08-29'),
('H28', 'silvi scarp ', 'A', '0', 2, '2009-08-29'),
('H29', 'vasella ', 'A', '0', 2, '2009-08-29'),
('H30', 'hofu ', 'A', '0', 2, '2009-08-29'),
('H31', 'tem''s ', 'A', '0', 2, '2009-08-29'),
('H32', 'teddy bear ', 'A', '0', 2, '2009-08-29'),
('H33', 'bst junior ', 'A', '0', 2, '2009-08-29');
INSERT INTO `supplier` (`sup_code`, `sup_name`, `sup_address`, `sup_phone`, `op_code`, `entry_date`) VALUES
('H34', 'you girl ', 'A', '0', 2, '2009-08-29'),
('H35', 'ubx speed ', 'A', '0', 2, '2009-08-29'),
('H36', 'givenchy ', 'A', '0', 2, '2009-08-29'),
('H37', 'egv ', 'A', '0', 2, '2009-08-29'),
('H38', 'notes/tas ', 'A', '0', 2, '2009-08-29'),
('H39', 'encore ', 'A', '0', 2, '2009-08-29'),
('H40', 'tac ', 'A', '0', 2, '2009-08-29'),
('H41', 'sunrio ', 'A', '0', 2, '2009-08-29'),
('H42', 'shakira ', 'A', '0', 2, '2009-08-29'),
('H43', 'wd fsh ', 'A', '0', 2, '2009-08-29'),
('H44', 'dua putri ', 'A', '0', 2, '2009-08-29'),
('H45', 'shopaholic ', 'A', '0', 2, '2009-08-29'),
('H46', 'nur jannah ', 'A', '0', 2, '2009-08-29'),
('H47', 'epi ', 'A', '0', 2, '2009-08-29'),
('H48', 'zulfani collection ', 'A', '0', 2, '2009-08-29'),
('H49', 'tasaki ', 'A', '0', 2, '2009-08-29'),
('H50', 'yong li ', 'A', '0', 2, '2009-08-29'),
('H51', 'sharp colour ', 'A', '0', 2, '2009-08-29'),
('H52', 'lengkong jaya ', 'A', '0', 2, '2009-08-29'),
('H53', 'san agung ', 'A', '0', 2, '2009-08-29'),
('H54', 'pinko/bls ', 'A', '0', 2, '2009-08-29'),
('H55', 'degas ', 'A', '0', 2, '2009-08-29'),
('H56', 'just kids ', 'A', '0', 2, '2009-08-29'),
('H57', 'b-m ', 'A', '0', 2, '2009-08-29'),
('H58', 'the nasty ', 'A', '0', 2, '2009-08-29'),
('H59', 'bronze research ', 'A', '0', 2, '2009-08-29'),
('H60', 'dedi bordir-b.tinggi ', 'A', '0', 2, '2009-08-29'),
('H61', 'niar ', 'A', '0', 2, '2009-08-29'),
('H62', 'v max ', 'A', '0', 2, '2009-08-29'),
('H63', 'be-one/p.anak ', 'A', '0', 2, '2009-08-29'),
('H64', 'babies ', 'A', '0', 2, '2009-08-29'),
('H65', 'vinny ', 'A', '0', 2, '2009-08-29'),
('H66', 'nina-nino ', 'A', '0', 2, '2009-08-29'),
('H67', 'siska ', 'A', '0', 2, '2009-08-29'),
('H68', 'fei-fei ', 'A', '0', 2, '2009-08-29'),
('H69', 'empat bersaudara ', 'A', '0', 2, '2009-08-29'),
('H70', 'smiley ', 'A', '0', 2, '2009-08-29'),
('H71', 'abad 21 ', 'A', '0', 2, '2009-08-29'),
('H72', 'v&w ', 'A', '0', 2, '2009-08-29'),
('H73', 'jaya abadi/p.anak ', 'A', '0', 2, '2009-08-29'),
('H74', 'ck lee ', 'A', '0', 2, '2009-08-29'),
('H75', 'makmur jaya/p.dlm wnt ', 'A', '0', 2, '2009-08-29'),
('H76', 'contender ', 'A', '0', 2, '2009-08-29'),
('H77', 'guy vota ', 'A', '0', 2, '2009-08-29'),
('H78', 'www.shop ', 'A', '0', 2, '2009-08-29'),
('H79', 'kukky ', 'A', '0', 2, '2009-08-29'),
('H80', 'makmur usaha ', 'A', '0', 2, '2009-08-29'),
('H81', 'beautiful ', 'A', '0', 2, '2009-08-29'),
('H83', 'weltom ', 'A', '0', 2, '2009-08-29'),
('H84', 'ratna ', 'A', '0', 2, '2009-08-29'),
('H85', 'citra busana/bls ', 'A', '0', 2, '2009-08-29'),
('H86', 'caliber ', 'A', '0', 2, '2009-08-29'),
('H87', 'yuvi ', 'A', '0', 2, '2009-08-29'),
('H88', 'ello/ khatialo kid''s ', 'A', '0', 2, '2009-08-29'),
('H89', 'christa ', 'A', '0', 2, '2009-08-29'),
('H90', 'pasific ', 'A', '0', 2, '2009-08-29'),
('H91', 'hsien mei ', 'A', '0', 2, '2009-08-29'),
('H92', 'hocky ', 'A', '0', 2, '2009-08-29'),
('H93', 'de reborn ', 'A', '0', 2, '2009-08-29'),
('H94', 'reguest ', 'A', '0', 2, '2009-08-29'),
('H95', 'g-ven ', 'A', '0', 2, '2009-08-29'),
('H96', 'triple f ', 'A', '0', 2, '2009-08-29'),
('H97', 'baroedax ', 'A', '0', 2, '2009-08-29'),
('H98', 'new sa''mande ', 'A', '0', 2, '2009-08-29'),
('H99', 'rahmi ', 'A', '0', 2, '2009-08-29'),
('I01', 'gauthic', 'a', '0', 2, '2009-08-28'),
('I02', 'vakent', 'a', '0', 2, '2009-08-28'),
('I03', 'charity', 'a', '0', 2, '2009-08-28'),
('I04', 'suci collection', 'A', '0', 2, '2009-08-28'),
('I05', 'isabel/bls cwek', 'a', '0', 2, '2009-08-28'),
('I06', 'f&r junior', 'a', '0', 2, '2009-08-28'),
('I07', 'rezkimu/yosika', 'a', '0', 2, '2009-08-28'),
('I08', 'posture', 'a', '0', 2, '2009-08-28'),
('I09', 'claus', 'a', '0', 2, '2009-08-28'),
('I10', 'vito/sptu ank', 'a', '0', 2, '2009-08-28'),
('I11', 'zhazha fashion', 'a', '0', 2, '2009-08-28'),
('I12', 'strike', 'a', '0', 2, '2009-08-28'),
('I13', 'dizzy', 'a', '0', 2, '2009-08-28'),
('I14', 'thania', 'a', '0', 2, '2009-08-28'),
('I15', 'easy collection', 'a', '0', 2, '2009-08-28'),
('I16', 'just', 'a', '0', 2, '2009-08-28'),
('I17', 'candyland', 'A', '0', 2, '2009-08-28'),
('I18', 'rena', 'a', '0', 2, '2009-08-28'),
('I19', 'ghani', 'a', '0', 2, '2009-08-28'),
('I20', 'karen', 'a', '0', 2, '2009-08-28'),
('I21', 'now', 'a', '0', 2, '2009-08-28'),
('I22', 'brosis', 'a', '0', 2, '2009-08-28'),
('I23', 'al-luthfi', 'a', '0', 2, '2009-08-28'),
('I24', 'ressy', 'a', '0', 2, '2009-08-28'),
('I25', 'jan''s co/jaws', 'a', '0', 2, '2009-08-28'),
('I26', 'rooky', 'a', '0', 2, '2009-08-28'),
('I27', 'gupaee', 'a', '0', 2, '2009-08-28'),
('I28', 'bi ocean', 'a', '0', 2, '2009-08-28'),
('I29', 'figo', 'a', '0', 2, '2009-08-28'),
('I30', 'zharza', 'a', '0', 2, '2009-08-28'),
('I31', 'bafle theory', 'A', '0', 2, '2009-08-28'),
('I32', 'inclave', 'a', '0', 2, '2009-08-28'),
('I33', 'r''dina', 'a', '0', 2, '2009-08-28'),
('I34', 'wonderland', 'a', '0', 2, '2009-08-28'),
('I35', 'supervivor', 'a', '0', 2, '2009-08-28'),
('I36', 'winda', 'a', '0', 2, '2009-08-28'),
('I37', 'merry kids', 'a', '0', 2, '2009-08-28'),
('I38', 'eropa', 'a', '0', 2, '2009-08-28'),
('I39', 'o''shea', 'a', '0', 2, '2009-08-28'),
('I40', 'rhamli', 'a', '0', 2, '2009-08-28'),
('I41', 'itc', 'a', '0', 2, '2009-08-28'),
('I42', 'jazz', 'a', '0', 2, '2009-08-28'),
('I43', 'a&a', 'a', '0', 2, '2009-08-28'),
('I44', 'a2', 'a', '0', 2, '2009-08-28'),
('I45', 'ses', 'a', '0', 2, '2009-08-28'),
('I46', 'mil', 'a', '0', 2, '2009-08-28'),
('I47', 'milan 514', 'a', '0', 2, '2009-08-28'),
('I48', 'risty collection', 'a', '0', 2, '2009-08-28'),
('I49', 'akin jaya', 'a', '0', 2, '2009-08-28'),
('I50', 'warna/warni', 'A', '0', 2, '2009-08-28'),
('I51', 'ceria', 'A', '0', 2, '2009-08-28'),
('I52', 'doofu', 'a', '0', 2, '2009-08-28'),
('I53', 'harajuku', 'a', '0', 2, '2009-08-28'),
('I54', 'samaria', 'a', '0', 2, '2009-08-28'),
('I55', 'yen-lie', 'a', '0', 2, '2009-08-28'),
('I56', 'x-miss', 'a', '0', 2, '2009-08-28'),
('I57', 'amelia collection', 'a', '0', 2, '2009-08-28'),
('I58', 'cherish fsh', 'a', '0', 2, '2009-08-28'),
('I59', 'doori', 'a', '0', 2, '2009-08-28'),
('I60', 'cs', 'a', '0', 2, '2009-08-28'),
('I61', 'fang mei', 'a', '0', 2, '2009-08-28'),
('I62', 'rani', 'a', '0', 2, '2009-08-28'),
('I63', 'voni', 'a', '0', 2, '2009-08-28'),
('I64', 'tj fashion', 'a', '0', 2, '2009-08-28'),
('I65', 'dilla collection', 'a', '0', 2, '2009-08-28'),
('I66', 'helma', 'a', '0', 2, '2009-08-28'),
('I67', 'ik3n', 'a', '0', 2, '2009-08-28'),
('I68', 'el''s desain', 'a', '0', 2, '2009-08-28'),
('I69', 't2', 'a', '0', 2, '2009-08-28'),
('I70', 'bani ella', 'a', '0', 2, '2009-08-28'),
('I71', 'fm fsh', 'a', '0', 2, '2009-08-28'),
('I72', 'fa''na', 'a', '0', 2, '2009-08-28'),
('I73', 'retro', 'a', '0', 2, '2009-08-28'),
('I74', 'bina utama', 'a', '0', 2, '2009-08-28'),
('I75', 'tiong chiu', 'a', '0', 2, '2009-08-28'),
('I76', 'mix', 'a', '0', 2, '2009-08-28'),
('I77', '501 ctn club', 'a', '0', 2, '2009-08-28'),
('I78', 'orange accessories', 'a', '0', 2, '2009-08-28'),
('I79', 'ok', 'a', '0', 2, '2009-08-28'),
('I80', 'new colour/nc', 'a', '0', 2, '2009-08-28'),
('I81', 'eye kids', 'a', '0', 2, '2009-08-28'),
('I82', 'mei ling', 'a', '0', 2, '2009-08-28'),
('I83', 'agnes', 'a', '0', 2, '2009-08-28'),
('I84', 'rina rino', 'a', '0', 2, '2009-08-28'),
('J01', 'mitra jaya ', 'A', '0', 2, '2009-08-29'),
('J02', 'diana muslim ', 'A', '0', 2, '2009-08-29'),
('J03', 'yuro ', 'A', '0', 2, '2009-08-29'),
('J04', 'w&d ', 'A', '0', 2, '2009-08-29'),
('J05', 'ritz ', 'A', '0', 2, '2009-08-29'),
('J06', 'domely ', 'A', '0', 2, '2009-08-29'),
('J07', 'allure ', 'A', '0', 2, '2009-08-29'),
('J08', 'top one ', 'A', '0', 2, '2009-08-29'),
('J09', 'gasella ', 'A', '0', 2, '2009-08-29'),
('J10', 'time ', 'A', '0', 2, '2009-08-29'),
('J11', 'sj collection ', 'A', '0', 2, '2009-08-29'),
('J12', 'prety chic ', 'A', '0', 2, '2009-08-29'),
('J13', 'sunjie ', 'A', '0', 2, '2009-08-29'),
('J14', 'natasha fsh ', 'A', '0', 2, '2009-08-29'),
('J15', 'living fashion ', 'A', '0', 2, '2009-08-29'),
('J16', 'visco ', 'A', '0', 2, '2009-08-29'),
('J17', 'parkir ', 'A', '0', 2, '2009-08-29'),
('J18', 'domino ', 'A', '0', 2, '2009-08-29'),
('J19', 'nasri ', 'A', '0', 2, '2009-08-29'),
('J20', 'genesys ', 'A', '0', 2, '2009-08-29'),
('J21', 'chris mode ', 'A', '0', 2, '2009-08-29'),
('J22', 'abadi jaya ', 'A', '0', 2, '2009-08-29'),
('J23', 'frida fashion ', 'A', '0', 2, '2009-08-29'),
('J24', 'corliss ', 'A', '0', 2, '2009-08-29'),
('J25', 'branca paloma ', 'A', '0', 2, '2009-08-29'),
('J26', 'venessa anak2 ', 'A', '0', 2, '2009-08-29'),
('J27', 'canella collection ', 'A', '0', 2, '2009-08-29'),
('J28', 'kenly ', 'A', '0', 2, '2009-08-29'),
('J29', 'mulia jaya ', 'A', '0', 2, '2009-08-29'),
('J30', 'bonia ', 'A', '0', 2, '2009-08-29'),
('J31', 'process ', 'A', '0', 2, '2009-08-29'),
('J32', 'amazone ', 'A', '0', 2, '2009-08-29'),
('J33', 'surya busana ', 'A', '0', 2, '2009-08-29'),
('J34', 'hong-hong ', 'A', '0', 2, '2009-08-29'),
('J35', 'syarifuddin ', 'A', '0', 2, '2009-08-29'),
('J36', 'assalam ', 'A', '0', 2, '2009-08-29'),
('J37', 'pisco indah ', 'A', '0', 2, '2009-08-29'),
('J39', 'devi ', 'A', '0', 2, '2009-08-29'),
('J40', 'sun fashion ', 'A', '0', 2, '2009-08-29'),
('J41', 'nadia ', 'A', '0', 2, '2009-08-30'),
('J42', 'maha ', 'A', '0', 2, '2009-08-30'),
('J43', 'anggara ', 'A', '0', 2, '2009-08-30'),
('J44', 'seni usaha ', 'A', '0', 2, '2009-08-30'),
('J45', 'i luva fashion ', 'A', '0', 2, '2009-08-30'),
('J46', 'in vest ', 'A', '0', 2, '2009-08-30'),
('J47', 'sl fashion ', 'A', '0', 2, '2009-08-30'),
('J48', 'top populer ', 'A', '0', 2, '2009-08-30'),
('J49', 'mexico/ hendry jaya ', 'A', '0', 2, '2009-08-30'),
('J50', 'she king ', 'A', '0', 2, '2009-08-30'),
('J51', 'carona ', 'A', '0', 2, '2009-08-30'),
('J52', 'lusi ', 'A', '0', 2, '2009-08-30'),
('J53', 'mega sari ', 'A', '0', 2, '2009-08-30'),
('J54', 'gloria jaya/kcm ', 'A', '0', 2, '2009-08-30'),
('J55', 'mulia ', 'A', '0', 2, '2009-08-30'),
('J56', 'beuty ', 'A', '0', 2, '2009-08-30'),
('J57', 'suling ', 'A', '0', 2, '2009-08-30'),
('J58', 'lavino ', 'A', '0', 2, '2009-08-30'),
('J59', 'bintang asia ', 'A', '0', 2, '2009-08-30'),
('J60', 'kid''s shop ', 'A', '0', 2, '2009-08-30'),
('J61', 'q.q ', 'A', '0', 2, '2009-08-30'),
('J62', 'cantik busana ', 'A', '0', 2, '2009-08-30'),
('J63', 'edy ', 'A', '0', 2, '2009-08-30'),
('J64', 'busana jaya ', 'A', '0', 2, '2009-08-30'),
('J66', 'new panca warna ', 'A', '0', 2, '2009-08-29'),
('J67', 'monsieur ', 'A', '0', 2, '2009-08-29'),
('J68', 'stucci ', 'A', '0', 2, '2009-08-29'),
('J69', 'balora ', 'A', '0', 2, '2009-08-29'),
('J70', 'evie ', 'A', '0', 2, '2009-08-29'),
('J71', 'crystal collection ', 'A', '0', 2, '2009-08-29'),
('J72', 'lovilla ', 'A', '0', 2, '2009-08-29'),
('J73', 'aneka ragam ', 'A', '0', 2, '2009-08-29'),
('J74', 'natto ', 'A', '0', 2, '2009-08-29'),
('J75', 'lily jeans ', 'A', '0', 2, '2009-08-29'),
('J76', 'almonthe ', 'A', '0', 2, '2009-08-29'),
('J78', 'merzy ', 'A', '0', 2, '2009-08-29'),
('J79', 'boston ', 'A', '0', 2, '2009-08-29'),
('J80', 'donna collection ', 'A', '0', 2, '2009-08-30'),
('J81', 'epson ', 'A', '0', 2, '2009-08-30'),
('J82', 'billion ', 'A', '0', 2, '2009-08-30'),
('J83', 'cardova ', 'A', '0', 2, '2009-08-30'),
('J84', 'bintang timur ', 'A', '0', 2, '2009-08-30'),
('J85', 'you six ', 'A', '0', 2, '2009-08-30'),
('J86', 'up clotng ', 'A', '0', 2, '2009-08-30'),
('J87', 'shen-shen ', 'A', '0', 2, '2009-08-30'),
('J88', 'tizzue ', 'A', '0', 2, '2009-08-30'),
('J89', 'hamster ', 'A', '0', 2, '2009-08-30'),
('J90', 'rizaldy sport ', 'A', '0', 2, '2009-08-30'),
('J91', 'it''s me ', 'A', '0', 2, '2009-08-30'),
('J92', 'turismo ', 'A', '0', 2, '2009-08-30'),
('J93', 'santai ', 'A', '0', 2, '2009-08-30'),
('J94', 'jj collection ', 'A', '0', 2, '2009-08-30'),
('J95', 'in+rich ', 'A', '0', 2, '2009-08-30'),
('J96', 'loupee ', 'A', '0', 2, '2009-08-30'),
('J97', 'lisa ', 'A', '0', 2, '2009-08-30'),
('J98', 'stodio garment ', 'A', '0', 2, '2009-08-30'),
('J99', 'samudra ', 'A', '0', 2, '2009-08-30'),
('K01', 'grammy ', 'A', '0', 2, '2009-08-30'),
('K02', 'lexxa ', 'A', '0', 2, '2009-08-30'),
('K03', 'embargo ', 'A', '0', 2, '2009-08-30'),
('K04', 'm.dua ', 'A', '0', 2, '2009-08-30'),
('K05', 'soulberry ', 'A', '0', 2, '2009-08-30'),
('K06', 'vigoss', 'A', '0', 2, '2009-08-28'),
('K07', 'pandora', 'A', '0', 2, '2009-08-28'),
('K08', 'mzn kid''s', 'A', '0', 2, '2009-08-28'),
('K09', 'yo-vi-do', 'a', '0', 2, '2009-08-28'),
('K10', 'hendy jaya fashion', 'A', '0', 2, '2009-08-28'),
('K11', 'rossa-e', 'A', '0', 2, '2009-08-28'),
('K12', 'z.orange', 'A', '0', 2, '2009-08-28'),
('K13', 'toko ria', 'A', '0', 2, '2009-08-28'),
('K14', 'jas-jus', 'a', '0', 2, '2009-08-28'),
('K15', 'mjm collection', 'A', '0', 2, '2009-08-28'),
('K16', 'jakarta swtr', 'A', '0', 2, '2009-08-28'),
('K17', 'black line', 'A', '0', 2, '2009-08-28'),
('K18', 'risca', 'a', '0', 2, '2009-08-28'),
('K19', 'hugo''s fashion', 'A', '0', 2, '2009-08-28'),
('K20', 'jp kid''s', 'A', '0', 2, '2009-08-28'),
('K21', 'noface', 'a', '0', 2, '2009-08-28'),
('K22', 'jeven', 'a', '0', 2, '2009-08-28'),
('K23', 'energy acc', 'A', '0', 2, '2009-08-28'),
('K24', 'laris"wn"', 'A', '0', 2, '2009-08-28'),
('K25', 'hana collection', 'A', '0', 2, '2009-08-28'),
('K26', 'miss nine', 'A', '0', 2, '2009-08-28'),
('K27', 'tk. sigli', 'A', '0', 2, '2009-08-28'),
('K28', 'wilson', 'A', '0', 2, '2009-08-28'),
('K29', 'aditya/tas', 'A', '0', 2, '2009-08-28'),
('K30', 'carbella', 'A', '0', 2, '2009-08-28'),
('K31', 'seven girl', 'A', '0', 2, '2009-08-28'),
('K32', 'adelia', 'A', '0', 2, '2009-08-28'),
('K33', 'nixon', 'A', '0', 2, '2009-08-28'),
('K34', 'hong', 'A', '0', 2, '2009-08-28'),
('K35', 'delfian', 'a', '0', 2, '2009-08-28'),
('K36', 'marco jaya/reilo', 'a', '0', 2, '2009-08-28'),
('K37', 'kiook', 'A', '0', 2, '2009-08-28'),
('K38', 'juicy girls', 'A', '0', 2, '2009-08-28'),
('K39', 'tomatoz', 'a', '0', 2, '2009-08-28'),
('K40', 'moniqcollection', 'a', '0', 2, '2009-08-28'),
('K41', 'winnie garment', 'a', '0', 2, '2009-08-28'),
('K42', 'haical', 'a', '0', 2, '2009-08-28'),
('K43', 'terang 688', 'a', '0', 2, '2009-08-28'),
('K44', 'peanuts', 'a', '0', 2, '2009-08-28'),
('K45', 'christy/kadewe', 'A', '0', 2, '2009-08-28'),
('K46', 'scorta/tas', 'A', '0', 2, '2009-08-28'),
('K47', 'asnia collection', 'A', '0', 2, '2009-08-28'),
('K48', 'nur aisyah', 'A', '0', 2, '2009-08-28'),
('K49', 'anas collection', 'A', '0', 2, '2009-08-28'),
('K50', 'ibnu jaya', 'A', '0', 2, '2009-08-28'),
('K51', 'bom boutique', 'A', '0', 2, '2009-08-28'),
('K52', 'giovin', 'A', '0', 2, '2009-08-28'),
('K53', 'sansan wawa', 'a', '0', 2, '2009-08-28'),
('K54', 'indratasi', 'a', '0', 2, '2009-08-28'),
('K55', 'naga mas', 'A', '0', 2, '2009-08-28'),
('K56', 'ph: +21 62306543', 'A', '0', 2, '2009-08-28'),
('K57', 'winata jeans', 'A', '0', 2, '2009-08-28'),
('K58', 'ab/alain bruno', 'A', '0', 2, '2009-08-28'),
('K59', 'ceintures', 'A', '0', 2, '2009-08-28'),
('K60', 'itali', 'A', '0', 2, '2009-08-28'),
('K61', 'pacific', 'a', '0', 2, '2009-08-28'),
('K62', 'destino', 'a', '0', 2, '2009-08-28'),
('K63', 'hana', 'A', '0', 2, '2009-08-28'),
('K64', 'nisa busana', 'a', '0', 2, '2009-08-28'),
('K65', 'ntp jeans', 'A', '0', 2, '2009-08-28'),
('K66', 'ievey', 'A', '0', 2, '2009-08-28'),
('K67', 'ginje trenz', 'A', '0', 2, '2009-08-28'),
('K68', 'berkah ilahi', 'A', '0', 2, '2009-08-28'),
('K69', 'ayu scraf', 'A', '0', 2, '2009-08-28'),
('K70', 'm2 metro', 'A', '0', 2, '2009-08-28'),
('K71', 'pure', 'a', '0', 2, '2009-08-28'),
('K72', 'cliff-bandung', 'A', '0', 2, '2009-08-28'),
('K73', 'emwe', 'A', '0', 2, '2009-08-28'),
('K74', 'ginbers', 'A', '0', 2, '2009-08-28'),
('K76', 'giani fillia/koala', 'a', '0', 2, '2009-08-28'),
('K77', 'rey & co', 'A', '0', 2, '2009-08-28'),
('K78', 'rivelino collection', 'A', '0', 2, '2009-08-28'),
('K79', 'kaban group', 'A', '0', 2, '2009-08-28'),
('K80', 'alino', 'a', '0', 2, '2009-08-28'),
('K81', 'lunix', 'a', '0', 2, '2009-08-28'),
('K82', 'babel', 'a', '0', 2, '2009-08-28'),
('K83', 'setia kawan/tas', 'a', '0', 2, '2009-08-28'),
('K84', 'kitten', 'a', '0', 2, '2009-08-28'),
('K85', 'tas & accessories', 'a', '0', 2, '2009-08-28'),
('K86', 'hokah', 'a', '0', 2, '2009-08-28'),
('K87', 'joy', 'a', '0', 2, '2009-08-28'),
('K88', 'senen/kertas kado', 'a', '0', 2, '2009-08-28'),
('K89', 'athletic dept', 'a', '0', 2, '2009-08-28'),
('K90', 'gyver/ sepatu', 'a', '0', 2, '2009-08-28'),
('K91', 'orange collection', 'a', '0', 2, '2009-08-28'),
('K92', 'family collection/tas', 'a', '0', 2, '2009-08-28'),
('K93', 'al-causar hand bag', 'a', '0', 2, '2009-08-28'),
('K94', 'pd. lagansa', 'a', '0', 2, '2009-08-28'),
('K95', 'monica i-tas', 'a', '0', 2, '2009-08-28'),
('K96', 'sabila hand bag', 'a', '0', 2, '2009-08-28'),
('K97', 'mandy''s', 'a', '0', 2, '2009-08-28'),
('K98', 'freak out', 'a', '0', 2, '2009-08-28'),
('K99', '514', 'a', '0', 2, '2009-08-28'),
('KIM', 'c17 ', 'A', '0', 2, '2009-08-29'),
('L01', 'gionike', 'a', '0', 2, '2009-08-28'),
('L02', 'sunka', 'a', '0', 2, '2009-08-28'),
('L03', 'ud penta mas', 'a', '0', 2, '2009-08-28'),
('L04', 'fadillah', 'A', '0', 2, '2009-08-28'),
('L05', 'blaster', 'a', '0', 2, '2009-08-28'),
('L06', 'hawaii', 'a', '0', 2, '2009-08-28'),
('L07', 'd''vania', 'a', '0', 2, '2009-08-28'),
('L08', 'dollar', 'a', '0', 2, '2009-08-28'),
('L09', 'harapan subur', 'a', '0', 2, '2009-08-28'),
('L10', 'tunas jaya', 'A', '0', 2, '2009-08-28'),
('L11', 'melaty', 'A', '0', 2, '2009-08-28'),
('L12', 'in sky', 'a', '0', 2, '2009-08-28'),
('L13', 'lexus', 'A', '0', 2, '2009-08-28'),
('L14', 'maju', 'a', '0', 2, '2009-08-28'),
('L15', 'dale', 'A', '0', 2, '2009-08-28'),
('L16', 'diego', 'a', '0', 2, '2009-08-28'),
('L17', 'innova', 'A', '0', 2, '2009-08-28'),
('L18', 'populer', 'a', '0', 2, '2009-08-28'),
('L19', 'adibasa', 'A', '0', 2, '2009-08-28'),
('L20', 'vivi collection', 'A', '0', 2, '2009-08-28'),
('L21', 'makmur', 'a', '0', 2, '2009-08-28'),
('L22', 'permindo', 'A', '0', 2, '2009-08-28'),
('L23', 'leca kids', 'a', '0', 2, '2009-08-28'),
('L24', 'nurul mizdan', 'a', '0', 2, '2009-08-28'),
('L25', 'aneka busana', 'a', '0', 2, '2009-08-28'),
('L26', 'gabie', 'a', '0', 2, '2009-08-28'),
('L27', 'mio-mio', 'a', '0', 2, '2009-08-28'),
('L28', 'leon kid''s', 'A', '0', 2, '2009-08-28'),
('L29', 'ak garment', 'a', '0', 2, '2009-08-28'),
('L30', 'willy fashion', 'a', '0', 2, '2009-08-28'),
('L31', 'fajar baru', 'a', '0', 2, '2009-08-28'),
('L32', 'melati indah', 'A', '0', 2, '2009-08-28'),
('L33', 'aa', 'a', '0', 2, '2009-08-28'),
('L34', 'galvano', 'a', '0', 2, '2009-08-28'),
('L35', 'real cw', 'a', '0', 2, '2009-08-28'),
('L36', 'bom bi', 'a', '0', 2, '2009-08-28'),
('L37', 'artinateni', 'a', '0', 2, '2009-08-28'),
('L38', 'al-barokah', 'a', '0', 2, '2009-08-28'),
('L39', 'younger', 'A', '0', 2, '2009-08-28'),
('L40', 'sw', 'a', '0', 2, '2009-08-28'),
('L41', 'miiko', 'a', '0', 2, '2009-08-28'),
('L42', 'parafin', 'a', '0', 2, '2009-08-28'),
('L43', 'putra setia', 'a', '0', 2, '2009-08-28'),
('L44', 'zikri', 'A', '0', 2, '2009-08-28'),
('L45', 'gita buwana', 'a', '0', 2, '2009-08-28'),
('L46', 'classy', 'A', '0', 2, '2009-08-28'),
('L47', 'berkah/coy', 'a', '0', 2, '2009-08-28'),
('L48', 'joans', 'a', '0', 2, '2009-08-28'),
('L49', 'ery zikri', 'a', '0', 2, '2009-08-28'),
('L50', 'elina', 'a', '0', 2, '2009-08-28'),
('L51', 'great', 'a', '0', 2, '2009-08-28'),
('L52', 'petak sembilan', 'a', '0', 2, '2009-08-28'),
('L53', 'jasa ibu', 'a', '0', 2, '2009-08-28'),
('L54', 'sun jaya', 'a', '0', 2, '2009-08-28'),
('L55', 'krezt ', 'a', '0', 2, '2009-08-28'),
('L56', 'anggrek', 'A', '0', 2, '2009-08-28'),
('L57', 'sherly', 'a', '0', 2, '2009-08-28'),
('L58', 'pusaka minang', 'a', '0', 2, '2009-08-28'),
('L59', 'mlines', 'a', '0', 2, '2009-08-28'),
('L60', 'marlitza', 'a', '0', 2, '2009-08-28'),
('L61', 'victory/venton', 'a', '0', 2, '2009-08-28'),
('L62', 'calvin', 'a', '0', 2, '2009-08-28'),
('L63', 'moc', 'a', '0', 2, '2009-08-28'),
('L64', 'pinson', 'a', '0', 2, '2009-08-28'),
('L65', 'wan-wan', 'a', '0', 2, '2009-08-28'),
('L66', 'restu ibu', 'a', '0', 2, '2009-08-28'),
('L67', 'boy&girl', 'a', '0', 2, '2009-08-28'),
('L68', 'modern life style', 'a', '0', 2, '2009-08-28'),
('L69', 'darma jaya', 'a', '0', 2, '2009-08-28'),
('L70', 'bonafide', 'a', '0', 2, '2009-08-28'),
('L71', 'lovera', 'a', '0', 2, '2009-08-28'),
('L72', 'world jeans', 'a', '0', 2, '2009-08-28'),
('L73', 'restu bunda', 'a', '0', 2, '2009-08-28'),
('L74', 'mira super grosir', 'a', '0', 2, '2009-08-28'),
('L75', 'canari', 'a', '0', 2, '2009-08-28'),
('L76', 'hanny', 'a', '0', 2, '2009-08-28'),
('L77', 'indo garment', 'a', '0', 2, '2009-08-28'),
('L78', 'bonanza', 'a', '0', 2, '2009-08-28'),
('L79', 'allexus', 'a', '0', 2, '2009-08-28'),
('L80', 'm.khalimi', 'a', '0', 2, '2009-08-28'),
('L81', 'fitwel', 'a', '0', 2, '2009-08-28'),
('L82', 'meisan', 'a', '0', 2, '2009-08-28'),
('L83', '999/win-win group', 'a', '0', 2, '2009-08-28'),
('L84', 'lecus', 'a', '0', 2, '2009-08-28'),
('L85', 'fiona', 'a', '0', 2, '2009-08-28'),
('L86', 'mega baru', 'a', '0', 2, '2009-08-28'),
('L87', 'vanny vell fashion', 'a', '0', 2, '2009-08-28'),
('L88', 'moren (tanah abang)', 'a', '0', 2, '2009-08-28'),
('L89', 'tosca metro', 'a', '0', 2, '2009-08-28'),
('L90', 'fuku hara', 'a', '0', 2, '2009-08-28'),
('L91', 'umi', 'a', '0', 2, '2009-08-28'),
('L92', 'mouren (cipulir)', 'a', '0', 2, '2009-08-28'),
('L93', 'platinum', 'a', '0', 2, '2009-08-28'),
('L94', 'bom fsh', 'a', '0', 2, '2009-08-28'),
('L95', 'lucy fashion', 'a', '0', 2, '2009-08-28'),
('L96', 'living', 'a', '0', 2, '2009-08-28'),
('L97', 'palapa jaya', 'a', '0', 2, '2009-08-28'),
('L98', 'dagadu shop', 'A', '0', 2, '2009-08-28'),
('L99', 'winstella', 'a', '0', 2, '2009-08-28');

--
-- Constraints for dumped tables
--

--
-- Constraints for table `category`
--
ALTER TABLE `category`
  ADD CONSTRAINT `category_ibfk_1` FOREIGN KEY (`op_code`) REFERENCES `operator` (`op_id`);

--
-- Constraints for table `item`
--
ALTER TABLE `item`
  ADD CONSTRAINT `item_ibfk_4` FOREIGN KEY (`cat_code`) REFERENCES `category` (`cat_code`),
  ADD CONSTRAINT `item_ibfk_5` FOREIGN KEY (`sup_code`) REFERENCES `supplier` (`sup_code`),
  ADD CONSTRAINT `item_ibfk_6` FOREIGN KEY (`op_code`) REFERENCES `operator` (`op_id`);

--
-- Constraints for table `item_distribution`
--
ALTER TABLE `item_distribution`
  ADD CONSTRAINT `item_distribution_ibfk_3` FOREIGN KEY (`item_code`) REFERENCES `item` (`item_code`),
  ADD CONSTRAINT `item_distribution_ibfk_4` FOREIGN KEY (`shop_code`) REFERENCES `shop` (`shop_code`);

--
-- Constraints for table `item_mutasi`
--
ALTER TABLE `item_mutasi`
  ADD CONSTRAINT `item_mutasi_ibfk_1` FOREIGN KEY (`item_code`) REFERENCES `item` (`item_code`);

--
-- Constraints for table `item_retur`
--
ALTER TABLE `item_retur`
  ADD CONSTRAINT `item_retur_ibfk_2` FOREIGN KEY (`op_code`) REFERENCES `operator` (`op_id`),
  ADD CONSTRAINT `item_retur_ibfk_3` FOREIGN KEY (`item_code`) REFERENCES `item` (`item_code`);

--
-- Constraints for table `log_transaksi`
--
ALTER TABLE `log_transaksi`
  ADD CONSTRAINT `log_transaksi_ibfk_1` FOREIGN KEY (`p_id`) REFERENCES `pengguna` (`p_id`);

--
-- Constraints for table `operator`
--
ALTER TABLE `operator`
  ADD CONSTRAINT `operator_ibfk_1` FOREIGN KEY (`op_id`) REFERENCES `pengguna` (`p_id`);
